{"_id":{"$oid":"5938ceb5df5daa99dc7d4adf"},"cosno":1,"cosname":"인텐스 모이스처 바이탈라이징 크림","company":"아이오페","category":"Cream","ingredient":["부틸렌글라이콜","스쿠알란","펜타에리스리틸테트라에칠헥사노에이트","디메치콘","사이클로펜타록산","나이아신아마이드"]}
{"_id":{"$oid":"5938ceb5df5daa99dc7d4ae0"},"cosno":2,"cosname":"더블 픽스 마스카라","company":"클라란스","category":"Mascara","ingredient":["이소도데칸","폴리에칠렌","디스테아디모늄헥토라이트","합성왁스","프로필렌카보네이트"]}
{"_id":{"$oid":"5938ceb5df5daa99dc7d4ae1"},"cosno":3,"cosname":"포토덤센시티브","company":"바이오더마","category":"Sun Screen","ingredient":["디카프릴릴카보네이트","부틸메톡시디벤조일메탄","비스-에칠헥실옥시페놀메톡시페닐트리아진","데실글루코사이드","피이지-100스테아레이트","나이아신아마이드","페녹시에탄올"]}
{"_id":{"$oid":"5938ceb5df5daa99dc7d4ae2"},"cosno":4,"cosname":"알로에 큐어 크림","company":"아리따움","category":"Cream","ingredient":["페트롤라툼","비즈왁스","세틸에칠헥사노에이트","소르비탄세스퀴올리에이트","제라늄오일","페녹시에탄올"]}
{"_id":{"$oid":"5938ceb5df5daa99dc7d4ae3"},"cosno":5,"cosname":"얼스뷰티 다시마 마스크시트","company":"토니모리","category":"MaskPack","ingredient":["다시마","알로에베라잎추출물","락토바실러스/알로에베라발효여과물","사발팜열매추출물","아데노신"]}
{"_id":{"$oid":"5938ceb5df5daa99dc7d4ae4"},"cosno":6,"cosname":"자초 보습 진정밤","company":"한율","category":"Humectants","ingredient":["해바라기씨오일","카프릴릭/카프릭트리글리세라이드","동백오일","피마자오일"]}
{"_id":{"$oid":"5938ceb5df5daa99dc7d4ae5"},"cosno":7,"cosname":"인텐스 모이스처 바이탈라이징 소프너","company":"아이오페","category":"Skin","ingredient":["부틸렌글라이콜;1,3-부틸렌글라이콜","알코올;에탄올","디메치콘 사이클로펜타실록산","나이아신아마이드;니코틴산아마이드;","은행잎추출물;은행나무잎추출물","권백 추출물"]}
{"_id":{"$oid":"5938ceb5df5daa99dc7d4ae6"},"cosno":8,"cosname":"항산화 컨센트레이트","company":"키엘","category":"Essence","ingredient":["카프릴릭/카프릭트리글리세라이드","디카프릴릴에텔","디카프릴릴카보네이트","스쿠알란","토코페롤;비타민E","리모넨","리날룰","시트랄","제라니올"]}
{"_id":{"$oid":"5938ceb5df5daa99dc7d4ae7"},"cosno":9,"cosname":"망고피치 바디스크럽","company":"모던하우스","category":"Body scrub","ingredient":["암모늄라우릴설페이트","아크릴레이트코폴리머","코카미도프로필베타인","코카마이드디이에이","초피나무열매추출물"]}
{"_id":{"$oid":"5938ceb5df5daa99dc7d4ae8"},"cosno":10,"cosname":"세라마이드 아토 크림","company":"일리","category":"Cream","ingredient":["부틸렌글라이콜","글리세린","세틸에칠헥사노에이트","펜타에리스리틸테트라이소스테아레이트","스테아릭애씨드"]}
{"_id":{"$oid":"5938ceb5df5daa99dc7d4ae9"},"cosno":11,"cosname":"아몬드 벨벳 바디밤","company":"록시땅","category":"Cream","ingredient":["쉐어버터;시어버터","글리세린","코코-카프릴레이트/카프레이트","글리세릴스테아레이트","살리실릭애씨드","향료"]}
{"_id":{"$oid":"5938ceb5df5daa99dc7d4aea"},"cosno":12,"cosname":"비욘드 엔젤 아쿠아 모이스트 크림","company":"비욘드","category":"Cream","ingredient":["가시대나무수액","자작나무수액","글리세린","부틸렌글라이콜;1,3-부틸렌글라이콜","사이클로펜타실록산;데카메칠사이클로펜타실록산","디메치콘"]}
{"_id":{"$oid":"5938ceb5df5daa99dc7d4aeb"},"cosno":13,"cosname":"제주 화산토 모공 에센스","company":"더페이스샵","category":"Essence","ingredient":["사이클로펜타실록산","프로판디올","실리카","트리에칠헥사노인;트리옥타노인","스쿠알란"]}
{"_id":{"$oid":"5938ceb5df5daa99dc7d4aec"},"cosno":14,"cosname":"프라임 프라이머 블러","company":"바닐라코","category":"Humectants","ingredient":["사이클로펜타실록산","프로필렌글라이콜","글리세레스-26","폴리실리콘-11","합성플루오르플로고파이트","마이카","부틸렌글라이콜;1,3-부틸렌글라이콜","편백수","라우레스-7","페녹시에탄올","향료"]}
{"_id":{"$oid":"5938ceb5df5daa99dc7d4aed"},"cosno":15,"cosname":"리얼스킨핏 바이오 마스크[피부진정]","company":"에뛰드하우스","category":"MaskPack","ingredient":["부틸렌글라이콜;1,3-부틸렌글라이콜","글리세린","트레할로스","티트리추출물","대나무수"]}
{"_id":{"$oid":"5938ceb5df5daa99dc7d4aee"},"cosno":16,"cosname":"아쿠알리아 떼르말 고보습 부스팅 토너","company":"비쉬","category":"Toner","ingredient":["글리세린","변성알코올","프로필렌글라이콜","피이지-20"]}
{"_id":{"$oid":"5938ceb5df5daa99dc7d4aef"},"cosno":17,"cosname":"리얼 베리어 인트로 세럼","company":"아토팜","category":"Essence","ingredient":["글리세린","1,2-헥산디올","하이드롤라이즈드하이알루로닉애씨드","마데카소사이드","베타-글루칸","알파-비사보롤;비사볼올"]}
{"_id":{"$oid":"5938ceb5df5daa99dc7d4af0"},"cosno":18,"cosname":"모이스처 세라마이드 인텐스 크림","company":"마몽드","category":"Cream","ingredient":["부틸렌글라이콜;1,3-부틸렌글라이콜","세틸에칠헥사노에이트","디메치콘","글리세린","베헤닐알코올","향료"]}
{"_id":{"$oid":"5938ceb5df5daa99dc7d4af1"},"cosno":19,"cosname":"오일 오브 라이프 인텐스 리바이탈라이징 에센스 로션","company":"더바디샵","category":"Essence","ingredient":["프로판디올","판테놀","글리세린","참깨오일","로즈힙열매오일"]}
{"_id":{"$oid":"5938ceb5df5daa99dc7d4af2"},"cosno":20,"cosname":"리얼 앰플 CC팩트[SPF50+/PA+++][1호 라이트베이지]","company":"아리따움","category":"Humectants","ingredient":["온천수","부틸렌글라이콜;1,3-부틸렌글라이콜","티타늄디옥사이드","디메치콘","세틸피이지/피피지-10/1디메치콘","페녹시에탄올"]}
{"_id":{"$oid":"5938ceb5df5daa99dc7d4af3"},"cosno":21,"cosname":"포토덤 레이저 선크림[SPE50+]","company":"바이오더마","category":"Sun Screen","ingredient":["디카프릴릴카보네이트","옥토크릴렌","부틸메톡시디벤조일메탄;아보벤존;파르솔1789","디프로필렌글라이콜","피잊-100스테아레이트","페녹시에탄올"]}
{"_id":{"$oid":"5938ceb5df5daa99dc7d4af4"},"cosno":22,"cosname":"스튜디오 워터웨이트[SPF30/PA++][NC20]","company":"맥","category":"Humectants","ingredient":["메칠트리메치콘","페닐트리메치콘","실리카","에칠헥실메톡시신나메이트;옥티녹세이트;옥틸메톡시신나메이트","네오펜틸글라이콜디헵타노에이트"]}
{"_id":{"$oid":"5938ceb5df5daa99dc7d4af5"},"cosno":23,"cosname":"프리미엄 RX 카멜 밀크 크림","company":"토니모리","category":"Cream","ingredient":["글리세린","부틸렌글라이콜;1,3-부틸렌글라이콜","스테아릭애씨드","나이아신아마이드;니코틴산아마이드","하이드로제네이티드식물성오일","낙타유"]}
{"_id":{"$oid":"5938ceb5df5daa99dc7d4af6"},"cosno":24,"cosname":"씨위드 아이오닉 클레이 마스크","company":"더바디샵","category":"MaskPack","ingredient":["카올린;고령토","리토탐니움 칼카룸가루","변성알코올","글리세린","벤토나이트","탤크;탈크"]}
{"_id":{"$oid":"5938ceb5df5daa99dc7d4af7"},"cosno":25,"cosname":"본 초보습 크림","company":"수려한","category":"Humectants","ingredient":["글리세린","사이클로펜타실록산;데카메칠사이클로펜타실록산","부틸렌글라이콜;1,3-부틸렌글라이콜","하이드로제네이티드폴리데센"]}
{"_id":{"$oid":"5938ceb5df5daa99dc7d4af8"},"cosno":26,"cosname":"I.U 화이트 탠 바디 퍼퓨밍크림","company":"딜라잇18","category":"Cream","ingredient":["사이클로펜타실록산;데카메칠사이클로펜타실록산","부틸렌글라이콜;1,3-부틸렌글라이콜","폴리글루타믹애씨드","세틸피이지/피피지-10/1디메치콘","향료"]}
{"_id":{"$oid":"5938ceb5df5daa99dc7d4af9"},"cosno":27,"cosname":"히로인 메이크 롱앤컬 마스카라 P","company":"키스미","category":"Mascara","ingredient":["이소도데칸","트리메칠실록시실리케이트","탤크;탈크","폴리에칠렌","비즈왁스;세라알바","동백오일"]}
{"_id":{"$oid":"5938ceb5df5daa99dc7d4afa"},"cosno":28,"cosname":"압솔뤼 에센스 파운데이션","company":"랑콤","category":"Essence","ingredient":["사이클로펜타실록산;데카메칠사이클로펜타실록산","변성알코올","글리세린","페닐트리메치콘","피이지-10디메치콘"]}
{"_id":{"$oid":"5938ceb5df5daa99dc7d4afb"},"cosno":29,"cosname":"헤어스파 딥 너리싱 크림바스","company":"로레알","category":"Cream","ingredient":["세테아릴알코올","베헨트리모늄클로라이드","세틸에스터","아모디메치콘","페녹시에탄올","이소프로필알코올"]}
{"_id":{"$oid":"5938ceb5df5daa99dc7d4afc"},"cosno":30,"cosname":"블랙아웃 4D 러버크림","company":"뷰티영","category":"Cream","ingredient":["하이드로제네이티드폴리이소부텐","지모추출물","글리세린","글리세릴스테아레이트에스이","카프릴릭/카프릭트리글리세라이드","아데노신"]}
{"_id":{"$oid":"5938ceb5df5daa99dc7d4afd"},"cosno":31,"cosname":"더프레시 포맨 수분 토너","company":"더페이스샵","category":"Toner","ingredient":["변성알코올","프로판디올","판테놀;디판테놀;덱스판테놀","트레할로스","피이지-40하이드로제네이티드캐스터오일"]}
{"_id":{"$oid":"5938ceb5df5daa99dc7d4afe"},"cosno":32,"cosname":"엘릭시르 도","company":"빠이요","category":"Essence","ingredient":["피이지-8","펜틸렌글라이콜","프로필렌글라이콜","소듐피씨에이","피이지-40하이드로제네이티드캐스터오일"]}
{"_id":{"$oid":"5938ceb5df5daa99dc7d4aff"},"cosno":33,"cosname":"스파클링 이펙트 히아루로닉 아쿠아 마스크","company":"프럼네이처","category":"MaskPack","ingredient":["탄산수","부틸렌글라이콜;1,3-부틸렌글라이콜","글리세린","비스-피이지-18메칠에텔디메칠실란","글리세릴아크릴레이트/아크릴릭애씨드코폴리머","프로필렌글라이콜","트리에탄올아민"]}
{"_id":{"$oid":"5938ceb5df5daa99dc7d4b00"},"cosno":34,"cosname":"어반 에코 하라케케 뿌리 보습 크림","company":"더샘","category":"Cream","ingredient":["뉴질랜드삼뿌리추출물","글리세린","이소트데실이소노나노에이트","디메치콘","하이드로제네이티드폴리이소부텐","마카다미아넛오일(1);마카다미아넛오일(2);마카다미아씨오일","페녹시에탄올","향료"]}
{"_id":{"$oid":"5938ceb5df5daa99dc7d4b01"},"cosno":35,"cosname":"망고씨드 페이셜 버터","company":"더페이스샵","category":"Humectants","ingredient":["글리세린","망고씨드버터","미리스틱애씨드","피이지-150디스테아레이트","소르빅애씨드;소르빈산","향료"]}
{"_id":{"$oid":"5938ceb5df5daa99dc7d4b02"},"cosno":36,"cosname":"스킨 클리닉 마스크[BHA]","company":"이니스프리","category":"MaskPack","ingredient":["부틸렌글라이콜;1,3-부틸렌글라이콜","디프로필렌글라이콜","자몽추출물","1,2-헥산디올","글리세레스-26","피이지-60하이드로제네이티드캐스터오일","살리실릭애씨드"]}
{"_id":{"$oid":"5938ceb5df5daa99dc7d4b03"},"cosno":37,"cosname":"내추럴스 산양유 프리미엄 보습 크림","company":"토니모리","category":"Cream","ingredient":["산양유추출물","하이드로제네이티드폴리데센","부틸렌글라이콜;1,3-부틸렌글라이콜","사이클로펜타실록산;데카메칠사이클로펜타실록산","프로판디올","세테아릴알코올","글리세린","네오펜틸글라이콜디헵타노에이트","피이지-100스테아레이트","하이드롤라이즈드콜라겐","향료"]}
{"_id":{"$oid":"5938ceb5df5daa99dc7d4b04"},"cosno":38,"cosname":"버블톡톡모델링마스크[수분-1제]","company":"이니스프리","category":"MaskPack","ingredient":["아크릴레이트코폴리머","코카미도프로필베타인","부틸렌글라이콜;1,3-부틸렌글라이콜","디실록산","피이지-32","페녹시에탄올","향료"]}
{"_id":{"$oid":"5938ceb5df5daa99dc7d4b06"},"cosno":40,"cosname":"진주알 맑은 BB크림 브라이트핏[SPF30/PA++]","company":"에뛰드하우스","category":"Cream","ingredient":["티타늄디옥사이드","페닐트리메치콘","사이클로펜타실록산;데카메칠사이클로펜타실록산","디프로필렌글라이콜","하이드로제네이티드폴리데센","세틸피이지/피피지-10/1디메치콘","페녹시에탄올","향료"]}
{"_id":{"$oid":"5938ceb5df5daa99dc7d4b07"},"cosno":41,"cosname":"내츄럴 베리 립 마스크","company":"프리메라","category":"Humectants","ingredient":["디이소스스테아릴말레이트","피토스테릴/이소스테아릴/세틸/스테아릴/베헤닐다이머디놀리에이트"]}
{"_id":{"$oid":"5938ceb5df5daa99dc7d4b08"},"cosno":42,"cosname":"참탱탱 뽕 고무팩","company":"참코스메틱","category":"MaskPack","ingredient":["규조토","알진","글루코오스","덱스트린"]}
{"_id":{"$oid":"5938ceb5df5daa99dc7d4b09"},"cosno":43,"cosname":"버츄얼 스킨 마스크","company":"디피에스","category":"MaskPack","ingredient":["카올린;고령토","탤크;탈크","벤토나이트","메칠파라벤","향료","이미다졸리디닐우레아","프로필파라벤","쿼터늄-15"]}
{"_id":{"$oid":"5938ceb5df5daa99dc7d4b0a"},"cosno":45,"cosname":"리틀 머메이드 디스 이즈 프린세스 클렌징 워터","company":"뷰티레시피","category":"Oil","ingredient":["녹차추출물;홍차추출물;백차추출물;보이차추출물","부틸렌글라이콜;1,3-부틸렌글라이콜","폴리글리세릴-4카프레이트","1,2-헥산디올","알란토인"]}
{"_id":{"$oid":"5938ceb5df5daa99dc7d4b0b"},"cosno":46,"cosname":"센텔라 스킨 카밍 토너","company":"쏘내추럴","category":"Toner","ingredient":["병풀추출물","캐모마일꽃추출물;마트리카리아꽃추출물","부틸렌글라이콜;1,3-부틸렌글라이콜","글리세린","알코올;에탄올","피이지-60하이드로제네이티드캐스터오일","트리에탄올아민","메칠파라벤","향료"]}
{"_id":{"$oid":"5938ceb5df5daa99dc7d4b0c"},"cosno":47,"cosname":"페리스 밀크 블러크림","company":"페리페라","category":"Cream","ingredient":["부틸렌글라이콜;1,3-부틸렌글라이콜","글리세린","디메치콘","프로판디올","티타늄디옥사이드","나이아신아마이드;니코틴산아마이드","레티닐팔미테이트","페녹시에탄올","향료"]}
{"_id":{"$oid":"5938ceb5df5daa99dc7d4b0d"},"cosno":48,"cosname":"비누","company":"아이보리","category":"Sope","ingredient":["소듐탈로우에이트","소듐코코에이트","소듐팜커넬레이트","글리세린","소듐클로라이드","향료"]}
{"_id":{"$oid":"5938ceb5df5daa99dc7d4b0e"},"cosno":49,"cosname":"리틀머메이드 디스이즈 프린세스 마린토너","company":"뷰티레시피","category":"Toner","ingredient":["갈락토미세스발효여과물","슈도알테로모나스발효추출물","스피룰리나추출물","부틸렌글라이콜;1,3-부틸렌글라이콜","하이드롤라이즈드콜라겐"]}
{"_id":{"$oid":"5938ceb5df5daa99dc7d4b0f"},"cosno":50,"cosname":"순수에코 대나무 차가운 물 수분크림","company":"토니모리","category":"Cream","ingredient":["대나무수","알코올;에탄올","사이클로펜타실록산;데카메칠사이클로펜타실록산","프로판디올","페녹시에탄올","향료"]}
{"_id":{"$oid":"5938ceb5df5daa99dc7d4b10"},"cosno":51,"cosname":"아쿠아 에센스","company":"카라디움","category":"Essence","ingredient":["디메치콘","사이클로펜타실록산;데카메칠사이클로펜타실록산","피이지-10디메치콘/비닐디메치콘크로스폴리머","부틸렌글라이콜;1,3-부틸렌글라이콜","느릅나무뿌리추출물","페녹시에탄올","메칠파라벤"]}
{"_id":{"$oid":"5938ceb5df5daa99dc7d4b11"},"cosno":52,"cosname":"퍼밍 마사지팩","company":"베리뗴","category":"MaskPack","ingredient":["사이클로펜타실록산;데카메칠사이클로펜타실록산","부틸렌글라이콜;1,3-부틸렌글라이콜","쉐어버터;시어버터","글리세릴스테아레이트","아데노신","피이지-100스테아레이트","페녹시에탄올","향료"]}
{"_id":{"$oid":"5938ceb5df5daa99dc7d4b12"},"cosno":53,"cosname":"수분이 가득한 알로에 베라 수딩젤","company":"라끄베르","category":"Gel","ingredient":["알로에베라잎수","글리세린","디프로필렌글라이콜","폴리소르베이트20","트리에탄올아민","페녹시에탄올","항료"]}
{"_id":{"$oid":"5938ceb5df5daa99dc7d4b13"},"cosno":54,"cosname":"360 필러젤리","company":"피현정","category":"Gel","ingredient":["글리세린","카프릴릴글라이콜","부틸렌글라이콜;1,3-부틸렌글라이콜","나이아신아마이드;니코틴산아마이드","피이지/피피지-17/6코폴리머","피이지-240/에이치디아이코폴리머비스-데실테트라데세스-20에텔"]}
{"_id":{"$oid":"5938ceb5df5daa99dc7d4b14"},"cosno":55,"cosname":"채안 발효 오일","company":"올빛","category":"Oil","ingredient":["구기자추출물","연꽃씨추출물;연자육추출물","오미자추출물","침향추출물"]}
{"_id":{"$oid":"5938ceb5df5daa99dc7d4b15"},"cosno":56,"cosname":"솔루션 수딩 토너","company":"엔비","category":"Toner","ingredient":["디프로필렌글라이콜","피이지/피피지-17/6코폴리머","하이알루로닉애씨드;히아루론산","부틸렌글라이콜;1,3-부틸렌글라이콜","마치현추출물;포츌라카올레라세아추출물","향료","글리세릴카프릴레이트"]}
{"_id":{"$oid":"5938ceb5df5daa99dc7d4b16"},"cosno":57,"cosname":"와일드 아르간오일 샤워젤","company":"더바디샵","category":"Gel","ingredient":["소듐라우레스설페이트;소듐라우레스황산염","코카미도프로필베타인","글리세린","피이지-40하이드로제네이티드캐스터오일"]}
{"_id":{"$oid":"5938ceb5df5daa99dc7d4b17"},"cosno":58,"cosname":"0.9 수분 에센스","company":"스킨푸드","category":"Essence","ingredient":["빙하수","디프로필렌글라이콜","디메치콘","디에톡시에칠석시네이트","마치현추출물;포츌라카올레라세아추출물","페녹시에탄올","향료"]}
{"_id":{"$oid":"5938ceb5df5daa99dc7d4b18"},"cosno":59,"cosname":"데일리 모이스처 테라피 페이셜 로션","company":"피지오겔","category":"Cream","ingredient":["카프릴릭/카프릭트리글리세라이드","글리세린","펜틸렌글라이콜","코코넛오일","하이드로제네이티드레시틴"]}
{"_id":{"$oid":"5938ceb5df5daa99dc7d4b19"},"cosno":60,"cosname":"더럭셔리 24k스네일 하이드로겔 마스크[골드]","company":"아리따움","category":"MaskPack","ingredient":["달팽이점액여과물;스네일세크레이션필트레이트","금;골드","부틸렌글라이콜;1,3-부틸렌글라이콜","글리세린","세틸에칠헥사노에이트","자몽추출물","페녹시에탄올","향료"]}
{"_id":{"$oid":"5938ceb5df5daa99dc7d4b1a"},"cosno":61,"cosname":"퓨어필링젤","company":"더블유랩","category":"Gel","ingredient":["서양장미꽃수","카보머","글리세린","소듐하이알루로네이트","부틸렌글라이콜;1,3-부틸렌글라이콜"]}
{"_id":{"$oid":"5938ceb5df5daa99dc7d4b1b"},"cosno":62,"cosname":"매끈 립 스크럽","company":"이니스프리","category":"Scrubs","ingredient":["스쿠알란","프로필렌글라이콜","해바라기씨오일","동백오일","피이지-100스테아레이트","페녹시에탄올","향료"]}
{"_id":{"$oid":"5938ceb5df5daa99dc7d4b1c"},"cosno":63,"cosname":"익스트림 파워 선스프레이[SPF50+/PA+++]","company":"이니스프리","category":"Cream","ingredient":["디메칠에델","사이클로펜타실록산;데카메칠사이클로펜타실록산","C12-15알킬벤조에이트","에칠헥실메톡시신나메이트;옥티녹세이트;옥틸메톡시신나메이트","부틸렌글라이콜;1,3-부틸렌글라이콜","에칠헥실살리실레이트","나이아신아마이드;니코틴산아마이드","아데노신","페녹시에탄올","향료","피이지-10디메치콘","피이지-9폴리디메칠실록시에칠디메치콘"]}
{"_id":{"$oid":"5938ceb5df5daa99dc7d4b1d"},"cosno":64,"cosname":"퍼펙트 클렌징오일","company":"청기정(SEIKISHO)","category":"Oil","ingredient":["미네랄오일","피이지-8글리세릴이소스테아레이트","세틸에칠헥사노에이트","토코페롤;비타민E","이소스테아릭애씨드"]}
{"_id":{"$oid":"5938ceb5df5daa99dc7d4b1e"},"cosno":65,"cosname":"히아루토너","company":"더블유랩","category":"Toner","ingredient":["소듐하이알루로네이트","캐모마일꽃수","프룩탄","녹차수","부틸렌글라이콜;1,3-부틸렌글라이콜"]}
{"_id":{"$oid":"5938ceb5df5daa99dc7d4b1f"},"cosno":66,"cosname":"아이디얼 화이트 딥 화이트닝 스팟 에센스","company":"비쉬","category":"Essence","ingredient":["변성알코올","글리세린","C12-15알킬벤조에이트","트리에탄올아민","비에이치티","티타늄디옥사이드","아스코빌글루코사이드"]}
{"_id":{"$oid":"5938ceb5df5daa99dc7d4b20"},"cosno":67,"cosname":"밀키 에센스 클렌저","company":"프리메라","category":"Essence","ingredient":["디프로필렌글라이콜","사이클로펜타실록산;데카메칠사이클로펜타실록산","이소프로필팔미테이트","글리세린","베타-글루칸","피이지-100스테아레이트","페녹시에탄올"]}
{"_id":{"$oid":"5938ceb5df5daa99dc7d4b21"},"cosno":68,"cosname":"마이크로 에센스 인퓨전 마스크","company":"에스티로더","category":"MaskPack","ingredient":["부틸렌글라이콜;1,3-부틸렌글라이콜","디메치콘","스쿠알란","바이오사카라이드검-1","펜틸렌글라이콜","피이지-8","페녹시에탄올"]}
{"_id":{"$oid":"5938ceb5df5daa99dc7d4b22"},"cosno":69,"cosname":"바디 폰던트 샤워젤","company":"눅스","category":"Gel","ingredient":["소듐라우레스설페이트;소듐라우레스황산염","글리세린","카프릴릴/카프릴글루코사이드","아크릴레이트/C10-30알킬아크릴레이트크로스폴리머","페녹시에탄올","향료"]}
{"_id":{"$oid":"5938ceb5df5daa99dc7d4b23"},"cosno":70,"cosname":"리페어 크림","company":"아일린","category":"Cream","ingredient":["플라센타단백질","실크아미노산","카보머;카복시비닐폴리머","소듐하이알루로네이트","라우레스-7"]}
{"_id":{"$oid":"5938ceb5df5daa99dc7d4b24"},"cosno":71,"cosname":"럭셔리 골드 크림","company":"이자녹스","category":"Cream","ingredient":["글리세린","변성알코올","프로판디올","1,2-헥산디올","글리세릴아크릴레이트/아크릴릭애씨드코폴리머","갈조추출물;조류추출물","피이지-40하이드로제네이티드캐스터오일","페녹시에탄올","향료"]}
{"_id":{"$oid":"5938ceb5df5daa99dc7d4b25"},"cosno":72,"cosname":"Solution A-PLUS 앰플 마스크","company":"스킨팩토리","category":"MaskPack","ingredient":["부틸렌글라이콜;1,3-부틸렌글라이콜","글리세린","프로필렌글라이콜","알코올;에탄올","트리에탄올아민","트리클로산"]}
{"_id":{"$oid":"5938ceb5df5daa99dc7d4b26"},"cosno":73,"cosname":"아이스 크림","company":"반트36.5","category":"Cream","ingredient":["디프로필렌글라이콜","바이오사카라이드검-1","이소프로필미리스테이트","글리세린","하이드록시에칠우레아","피이지-100스테아레이트","페녹시에탄올"]}
{"_id":{"$oid":"5938ceb5df5daa99dc7d4b27"},"cosno":74,"cosname":"수딩 젤","company":"아토엔비","category":"Gel","ingredient":["글리세린","부틸렌글라이콜;1,3-부틸렌글라이콜","베타-글루칸","판테놀;디판테놀;덱스판테놀"]}
{"_id":{"$oid":"5938ceb5df5daa99dc7d4b28"},"cosno":75,"cosname":"키위 씨드 오일 아이 크림","company":"엔티퍼티","category":"Cream","ingredient":["아보카도 오일","글리세린","세테아릴위트스트로글라이코사이드","스테아릭애씨드","글리세릴스테아레이트"]}
{"_id":{"$oid":"5938ceb5df5daa99dc7d4b29"},"cosno":76,"cosname":"얼터맷 리뉴 석류 달팽이토너","company":"웬즈데이(WED:NESDAY)","category":"Toner","ingredient":["석류추출물","나이아신아마이드;니코틴산아마이드","부틸렌글라이콜;1,3-부틸렌글라이콜","달팽이점액여과물;스네일세크레이션필트레이트","글리세린"]}
{"_id":{"$oid":"5938ceb5df5daa99dc7d4b2a"},"cosno":77,"cosname":"크리스탈 크림","company":"뷰티모리","category":"Cream","ingredient":["부틸렌글라이콜;1,3-부틸렌글라이콜","세테아릴알코올","미네랄오일","잇꽃씨오일","향료"]}
{"_id":{"$oid":"5938ceb5df5daa99dc7d4b2b"},"cosno":78,"cosname":"다마스쿠스 로즈 클렌징 오일","company":"뱃저","category":"Oil","ingredient":["해바라기씨오일","올리브오일","호호바씨오일","행인오일;살구씨오일","피마자오일;캐스터오일"]}
{"_id":{"$oid":"5938ceb5df5daa99dc7d4b2c"},"cosno":79,"cosname":"비단결100일토너","company":"이네이처","category":"Toner","ingredient":["부틸렌글라이콜;1,3-부틸렌글라이콜","글리세레스-26","효모/겨우살이발효추출물","락토바실러스/콩발효추출물","효모/모근발효추출물","페녹시에탄올"]}
{"_id":{"$oid":"5938ceb5df5daa99dc7d4b2d"},"cosno":80,"cosname":"멀티비타민 페이스 크림(Multivitamin Moisturising Face Cream)","company":"지아자","category":"Cream","ingredient":["헥실라우레이트","카프릴릭/카프릭트리글리세라이드","글리세릴스테아레이트","피이지-100스테아레이트","글리세린","디엠디엠하이단토인","메칠파라벤","에칠올리에이트"]}
{"_id":{"$oid":"5938ceb5df5daa99dc7d4b2e"},"cosno":81,"cosname":"밀크 에센스 마스크시트","company":"에스폴리오","category":"MaskPack","ingredient":["글리세린","프로필렌글라이콜","소듐하이알루로네이트","알코올;에탄올","트리에탄올아민","메칠파라벤","페녹시에탄올","향료"]}
{"_id":{"$oid":"5938ceb5df5daa99dc7d4b2f"},"cosno":82,"cosname":"유스코드 데이크림","company":"로레알파리(LOREALPARIS)","category":"Cream","ingredient":["글리세린","이소헥사데칸","변성알코올","디프로필렌글라이콜","합성왁스","피이지-10디메치콘","메칠파라벤","페녹시에탄올","향료"]}
{"_id":{"$oid":"5938ceb5df5daa99dc7d4b30"},"cosno":83,"cosname":"리얼 볼류머 데이 크림","company":"마몽드","category":"Cream","ingredient":["부틸렌글라이콜;1,3-부틸렌글라이콜","에칠헥실메톡시신나메이트;옥티녹세이트;옥틸메톡시신나메이트","글리세린","트리옥틸도데실시트레이트","이소아밀p-메톡시신나메이트","나이아신아마이드;니코틴산아마이드","아데노신","피이지-100스테아레이트","향료","페녹시에탄올"]}
{"_id":{"$oid":"5938ceb5df5daa99dc7d4b31"},"cosno":84,"cosname":"풋사과 탄산수 포어 톡! 토너","company":"스킨푸드","category":"Toner","ingredient":["탄산수","부틸렌글라이콜;1,3-부틸렌글라이콜","사과추출물","프로필렌글라이콜","비에이치티;부틸하이드록시톨루엔;디부틸하이드록시톨루엔;부틸레이티드하이드록톨루엔","페녹시에탄올","향료"]}
{"_id":{"$oid":"5938ceb5df5daa99dc7d4b32"},"cosno":85,"cosname":"히알루론산 BB크림[SPF15]","company":"엘보라리오","category":"Cream","ingredient":["티타늄디옥사이드","디헵틸석시네이트","카프릴릭/카프릭트리글리세라이드","글리세린","세테아릴알코올","향료"]}
{"_id":{"$oid":"5938ceb5df5daa99dc7d4b33"},"cosno":86,"cosname":"모닝바아 크림","company":"르아베크","category":"Cream","ingredient":["글리세린","스쿠알란","부틸렌글라이콜;1,3-부틸렌글라이콜","비즈왁스;세라알바","아데노신","향료"]}
{"_id":{"$oid":"5938ceb5df5daa99dc7d4b34"},"cosno":87,"cosname":"오가닉 리뉴 페이셜 오일","company":"비에코","category":"Oil","ingredient":["호호바씨오일","로즈힙열매오일","해바라기씨오일","아르간트리커넬오일"]}
{"_id":{"$oid":"5938ceb5df5daa99dc7d4b35"},"cosno":88,"cosname":"알로에 페이스 크림","company":"지아자(ziaja)","category":"Cream","ingredient":["미네랄오일","헥실라우레이트","글리세린","글리세릴스테아레이트","디아졸리디닐우레아","메칠파라벤","프로필파라벤"]}
{"_id":{"$oid":"5938ceb5df5daa99dc7d4b36"},"cosno":89,"cosname":"워터풀 오이 수딩젤","company":"어퓨","category":"Gel","ingredient":["오이수","알코올;에탄올","디프로필렌글라이콜","글리세린","부틸렌글라이콜;1,3-부틸렌글라이콜","수세미오이열매추출물","트리에탄올아민","페녹시에탄올","향료"]}
{"_id":{"$oid":"5938ceb5df5daa99dc7d4b37"},"cosno":90,"cosname":"립밤","company":"도테라","category":"Humectants","ingredient":["피마자오일;캐스터오일","비즈왁스;세라알바","카카오씨드버터","쉐어버터;시어버터","토코페릴아세테이트"]}
{"_id":{"$oid":"5938ceb5df5daa99dc7d4b38"},"cosno":91,"cosname":"맨하이드로 포스 크림","company":"아이오페","category":"Cream","ingredient":["부틸렌글라이콜;1,3-부틸렌글라이콜","글리세린","사이클로펜타실록산;데카메칠사이클로펜타실록산","아데노신","자일리톨","세테아릴알코올","피이지-100스테아레이트","피이지/피피자-20/15디메치콘","페녹시에탄올","향료"]}
{"_id":{"$oid":"5938ceb5df5daa99dc7d4b39"},"cosno":92,"cosname":"대나무 수딩젤","company":"비욘드","category":"Gel","ingredient":["대나무추출물","변성알코올","병풀추출물","감초추출물","녹차추출물;홍차추출물;백차추출물;보이차추출물","트리에탄올아민","페녹시에탄올","피이지-40하이드로제네이티드캐스터오일","향료"]}
{"_id":{"$oid":"5938ceb5df5daa99dc7d4b3a"},"cosno":93,"cosname":"알로에 베라 젤","company":"더마펌","category":"Gel","ingredient":["부틸렌글라이콜;1,3-부틸렌글라이콜","글리세릴아크릴레이트/아크릴릭애씨드코폴리머","프로필렌글라이콜","트리에탄올아민","카보머;카복시비닐폴리머","향료"]}
{"_id":{"$oid":"5938ceb5df5daa99dc7d4b3b"},"cosno":94,"cosname":"클렌징 오일","company":"사임당","category":"Oil","ingredient":["하이드로제네이티드폴리데센","행인오일;살구씨오일","피이지-20글리세릴트리이소스데아레이트","카프릴릭/카프릭트리글리세라이드","이소프로필미리스테이트"]}
{"_id":{"$oid":"5938ceb5df5daa99dc7d4b3c"},"cosno":95,"cosname":"포에버 라이트 크리에이터 크림 젤","company":"입생로랑","category":"Gel","ingredient":["부틸렌글라이콜;1,3-부틸렌글라이콜","글리세린","이소세틸스테아레이트","하이드로제네이티드폴리이소부텐","디메치콘","프로필렌글라이콜","피이지-100스테아레이트","피이지-8스테아레이트","메칠파라벤","향료"]}
{"_id":{"$oid":"5938ceb5df5daa99dc7d4b3d"},"cosno":96,"cosname":"블루테라피 아이 크림","company":"비오템","category":"Cream","ingredient":["글리세린","부틸렌글라이콜;1,3-부틸렌글라이콜","변성알코올","스테아릭애씨드","스테아릴알코올","세틸알코올","피이지-100스테아레이트","피이지-20스테아레이트","페녹시에탄올","아스코빌글루코사이드","아데노신"]}
{"_id":{"$oid":"5938ceb5df5daa99dc7d4b3e"},"cosno":97,"cosname":"망고샤워젤","company":"더바디샵","category":"Gel","ingredient":["소듐라우레스설페이트;소듐라우레스황산염","코카미도프로필베타인","글리세린","폴리소르베이트20","피이지-120메칠글루코오스디올리에이트","향료","황색4호","황색5호","적색227호"]}
{"_id":{"$oid":"5938ceb5df5daa99dc7d4b3f"},"cosno":98,"cosname":"화이트씨드 블란클라우딩 하얀 수분 크림","company":"더페이스샵","category":"Cream","ingredient":["프로판디올","글리세린","부틸렌글라이콜;1,3-부틸렌글라이콜","트리에칠헥사노인;트리옥타노인","판테놀;디판테놀;덱스판테놀","나이아신아마이드;니코틴산아마이드","사이클로펜타실록산;데카메칠사이클로펜타실록산","디메치콘","티타늄디옥사이드"]}
{"_id":{"$oid":"5938ceb5df5daa99dc7d4b40"},"cosno":99,"cosname":"워터리 선 젤[SPF50+/PA+++]","company":"쏘내추럴","category":"Gel","ingredient":["에칠헥실메톡시신나메이트;옥티녹세이트;옥틸메톡시신나메이트","변성알코올","옥토크릴렌","에칠헥실살리실레이트;옥티살레이트","부틸렌글라이콜;1,3-부틸렌글라이콜","부틸메톡시디벤조일메탄;아보벤존;파르솔1789","비스-피이지/피피지-14/14디메치콘","비에이치티;부틸하이드록시톨루엔;디부틸하이드록시톨루엔;부틸레이티드하이드록톨루엔"]}
{"_id":{"$oid":"5938ceb5df5daa99dc7d4b41"},"cosno":100,"cosname":"프리미엄 상추오이 워터리 토너","company":"스킨푸드","category":"Toner","ingredient":["오이수","오이추출물","상추추출물","알코올;에탄올","프로필렌글라이콜","글리세린","페녹시에탄올","향료"]}
{"_id":{"$oid":"5938cf5625668b3dd2d58a7a"},"cosno":44,"cosname":"유비데아 XL 내츄럴 크림[SPF50/PA+++](유비데아엑스엘멜트인크림)","company":"라로슈포제","category":"Cream","ingredient":["에칠헥실메톡시신나메이트;옥티녹세이트;옥틸메톡시신나메이트","드로메트리졸리트리실록산","사이클로펜타실록산;데카메칠사이클로펜타실록산","글리세린","펜틸렌글라이콜","티타늄디옥사이드","트리에탄올아민","페녹시에탄올"]}
{"_id":{"$oid":"593a2bcbd8f22787e692e57d"},"cosno":39,"cosname":"스네일 솔루션90스킨 부스터","company":"네이처리버블릭","category":"Skin","ingredient":["달팽이점액여과물;스네일세크레이션필트레이트","글리세린","나이아신아마이드;니코틴산아마이드","디프로필렌글라이콜","펜틸렌글라이콜","아데노신","페녹시에탄올","향료","피이지-40하이드로제네이티드캐스터오일"]}
