{"_id":{"$oid":"593a2de7d8f22787e692e628"},"ingno":1,"ingname":"1,2-헥산디올","lisklevel":1,"liskgrade":"낮음","datagrade":"적음","useful":"없음","harmful":"없음","caution":"없음","function":"없음"}
{"_id":{"$oid":"593a2de7d8f22787e692e629"},"ingno":2,"ingname":"C12-15알킬벤조에이트","lisklevel":1,"liskgrade":"낮음","datagrade":"적음","useful":"없음","harmful":"없음","caution":"없음","function":"없음"}
{"_id":{"$oid":"593a2de7d8f22787e692e62a"},"ingno":3,"ingname":"가시대나무수액","lisklevel":0,"liskgrade":"없음","datagrade":"없음","useful":"없음","harmful":"없음","caution":"없음","function":"없음"}
{"_id":{"$oid":"593a2de7d8f22787e692e62b"},"ingno":4,"ingname":"갈락토미세스발효여과물","lisklevel":0,"liskgrade":"없음","datagrade":"없음","useful":"없음","harmful":"없음","caution":"없음","function":"없음"}
{"_id":{"$oid":"593a2de7d8f22787e692e62c"},"ingno":5,"ingname":"갈조추출물;조류추출물","lisklevel":1,"liskgrade":"낮음","datagrade":"적음","useful":"없음","harmful":"없음","caution":"없음","function":"없음"}
{"_id":{"$oid":"593a2de7d8f22787e692e62d"},"ingno":6,"ingname":"구기자추출물","lisklevel":1,"liskgrade":"낮음","datagrade":"없음","useful":"없음","harmful":"없음","caution":"없음","function":"없음"}
{"_id":{"$oid":"593a2de7d8f22787e692e62e"},"ingno":7,"ingname":"권백추출물","lisklevel":1,"liskgrade":"낮음","datagrade":"없음","useful":"없음","harmful":"없음","caution":"없음","function":"없음"}
{"_id":{"$oid":"593a2de7d8f22787e692e62f"},"ingno":8,"ingname":"규조토","lisklevel":1,"liskgrade":"낮음","datagrade":"없음","useful":"없음","harmful":"없음","caution":"없음","function":"없음"}
{"_id":{"$oid":"593a2de7d8f22787e692e630"},"ingno":9,"ingname":"글루코오스","lisklevel":1,"liskgrade":"낮음","datagrade":"적당함","useful":"없음","harmful":"없음","caution":"없음","function":"없음"}
{"_id":{"$oid":"593a2de7d8f22787e692e631"},"ingno":10,"ingname":"글리세레스-26","lisklevel":1,"liskgrade":"낮음","datagrade":"적음","useful":"없음","harmful":"없음","caution":"없음","function":"없음"}
{"_id":{"$oid":"593a2de7d8f22787e692e632"},"ingno":11,"ingname":"글리세린","lisklevel":2,"liskgrade":"낮음","datagrade":"충분함","useful":"건성","harmful":"없음","caution":"없음","function":"없음"}
{"_id":{"$oid":"593a2de7d8f22787e692e633"},"ingno":12,"ingname":"글리세릴스테아레이트","lisklevel":1,"liskgrade":"낮음","datagrade":"없음","useful":"없음","harmful":"없음","caution":"없음","function":"없음"}
{"_id":{"$oid":"593a2de7d8f22787e692e634"},"ingno":13,"ingname":"글리세릴스테아레이트에스이","lisklevel":1,"liskgrade":"낮음","datagrade":"적음","useful":"없음","harmful":"없음","caution":"없음","function":"없음"}
{"_id":{"$oid":"593a2de7d8f22787e692e635"},"ingno":14,"ingname":"글리세릴아크릴레이트/아크릴릭애씨드코폴리머","lisklevel":1,"liskgrade":"낮음","datagrade":"없음","useful":"없음","harmful":"없음","caution":"없음","function":"없음"}
{"_id":{"$oid":"593a2de7d8f22787e692e636"},"ingno":15,"ingname":"글리세릴카프릴레이트","lisklevel":1,"liskgrade":"낮음","datagrade":"적음","useful":"없음","harmful":"없음","caution":"없음","function":"없음"}
{"_id":{"$oid":"593a2de7d8f22787e692e637"},"ingno":16,"ingname":"금;골드","lisklevel":4,"liskgrade":"중간","datagrade":"적당함","useful":"없음","harmful":"없음","caution":"없음","function":"없음"}
{"_id":{"$oid":"593a2de7d8f22787e692e638"},"ingno":17,"ingname":"나이아신아마이드;니코틴산아마이드","lisklevel":1,"liskgrade":"낮음","datagrade":"적당함","useful":"없음","harmful":"없음","caution":"없음","function":"미백개선"}
{"_id":{"$oid":"593a2de7d8f22787e692e639"},"ingno":18,"ingname":"낙타유","lisklevel":0,"liskgrade":"없음","datagrade":"없음","useful":"없음","harmful":"없음","caution":"없음","function":"없음"}
{"_id":{"$oid":"593a2de7d8f22787e692e63a"},"ingno":19,"ingname":"네오펜틸글라이콜디헵타노에이트","lisklevel":1,"liskgrade":"낮음","datagrade":"없음","useful":"없음","harmful":"없음","caution":"없음","function":"없음"}
{"_id":{"$oid":"593a2de7d8f22787e692e63b"},"ingno":20,"ingname":"녹차수;홍차수","lisklevel":1,"liskgrade":"낮음","datagrade":"적당함","useful":"지성","harmful":"없음","caution":"없음","function":"없음"}
{"_id":{"$oid":"593a2de7d8f22787e692e63c"},"ingno":21,"ingname":"녹차추출물;홍차추출물;백차추출물;보이차추출물","lisklevel":1,"liskgrade":"낮음","datagrade":"적음","useful":"지성","harmful":"없음","caution":"없음","function":"없음"}
{"_id":{"$oid":"593a2de7d8f22787e692e63d"},"ingno":22,"ingname":"뉴질랜드삼뿌리추출물","lisklevel":0,"liskgrade":"없음","datagrade":"없음","useful":"없음","harmful":"없음","caution":"없음","function":"없음"}
{"_id":{"$oid":"593a2de7d8f22787e692e63e"},"ingno":23,"ingname":"느릅나무뿌리추출물","lisklevel":0,"liskgrade":"없음","datagrade":"없음","useful":"없음","harmful":"없음","caution":"없음","function":"없음"}
{"_id":{"$oid":"593a2de7d8f22787e692e63f"},"ingno":24,"ingname":"다시마","lisklevel":0,"liskgrade":"없음","datagrade":"없음","useful":"없음","harmful":"없음","caution":"없음","function":"없음"}
{"_id":{"$oid":"593a2de7d8f22787e692e640"},"ingno":25,"ingname":"달팽이점액여과물;스네일세크레이션필트레이트","lisklevel":1,"liskgrade":"낮음","datagrade":"없음","useful":"없음","harmful":"없음","caution":"없음","function":"없음"}
{"_id":{"$oid":"593a2de7d8f22787e692e641"},"ingno":26,"ingname":"대나무수","lisklevel":1,"liskgrade":"낮음","datagrade":"없음","useful":"없음","harmful":"없음","caution":"없음","function":"없음"}
{"_id":{"$oid":"593a2de7d8f22787e692e642"},"ingno":27,"ingname":"데실글루코사이드","lisklevel":1,"liskgrade":"낮음","datagrade":"적음","useful":"없음","harmful":"없음","caution":"없음","function":"없음"}
{"_id":{"$oid":"593a2de7d8f22787e692e643"},"ingno":28,"ingname":"덱스트린","lisklevel":1,"liskgrade":"낮음","datagrade":"적당함","useful":"없음","harmful":"없음","caution":"없음","function":"없음"}
{"_id":{"$oid":"593a2de7d8f22787e692e644"},"ingno":29,"ingname":"동백오일","lisklevel":1,"liskgrade":"낮음","datagrade":"없음","useful":"없음","harmful":"없음","caution":"없음","function":"없음"}
{"_id":{"$oid":"593a2de7d8f22787e692e645"},"ingno":30,"ingname":"드로메트리졸리트리실록산","lisklevel":4,"liskgrade":"중간","datagrade":"적음","useful":"없음","harmful":"없음","caution":"없음","function":"자외선차단"}
{"_id":{"$oid":"593a2de7d8f22787e692e646"},"ingno":31,"ingname":"디메치콘","lisklevel":3,"liskgrade":"중간","datagrade":"적음","useful":"없음","harmful":"없음","caution":"없음","function":"없음"}
{"_id":{"$oid":"593a2de7d8f22787e692e647"},"ingno":32,"ingname":"디메칠에델","lisklevel":2,"liskgrade":"낮음","datagrade":"적당함","useful":"없음","harmful":"없음","caution":"없음","function":"없음"}
{"_id":{"$oid":"593a2de7d8f22787e692e648"},"ingno":33,"ingname":"디스테아디모늄헥토라이트","lisklevel":1,"liskgrade":"낮음","datagrade":"없음","useful":"없음","harmful":"없음","caution":"없음","function":"없음"}
{"_id":{"$oid":"593a2de7d8f22787e692e649"},"ingno":34,"ingname":"디실록산","lisklevel":2,"liskgrade":"낮음","datagrade":"적음","useful":"없음","harmful":"없음","caution":"없음","function":"없음"}
{"_id":{"$oid":"593a2de7d8f22787e692e64a"},"ingno":35,"ingname":"디아졸리디닐우레아","lisklevel":6,"liskgrade":"중간","datagrade":"적음","useful":"없음","harmful":"없음","caution":"주의성분","function":"없음"}
{"_id":{"$oid":"593a2de7d8f22787e692e64b"},"ingno":36,"ingname":"디에톡시에칠석시네이트","lisklevel":0,"liskgrade":"없음","datagrade":"없음","useful":"없음","harmful":"없음","caution":"없음","function":"없음"}
{"_id":{"$oid":"593a2de7d8f22787e692e64c"},"ingno":37,"ingname":"디엠디엠하이단토인","lisklevel":7,"liskgrade":"높음","datagrade":"적음","useful":"없음","harmful":"없음","caution":"주의성분","function":"없음"}
{"_id":{"$oid":"593a2de7d8f22787e692e64d"},"ingno":38,"ingname":"디이소스스테아릴말레이트","lisklevel":1,"liskgrade":"낮음","datagrade":"적음","useful":"없음","harmful":"없음","caution":"없음","function":"없음"}
{"_id":{"$oid":"593a2de7d8f22787e692e64e"},"ingno":39,"ingname":"디카프릴릴에텔","lisklevel":1,"liskgrade":"낮음","datagrade":"적음","useful":"없음","harmful":"없음","caution":"없음","function":"없음"}
{"_id":{"$oid":"593a2de7d8f22787e692e64f"},"ingno":40,"ingname":"디카프릴릴카보네이트","lisklevel":1,"liskgrade":"낮음","datagrade":"없음","useful":"없음","harmful":"없음","caution":"없음","function":"없음"}
{"_id":{"$oid":"593a2de7d8f22787e692e650"},"ingno":41,"ingname":"디카프릴릴카보네이트","lisklevel":1,"liskgrade":"낮음","datagrade":"없음","useful":"없음","harmful":"없음","caution":"없음","function":"없음"}
{"_id":{"$oid":"593a2de7d8f22787e692e651"},"ingno":42,"ingname":"디카프릴릴카보네이트","lisklevel":1,"liskgrade":"낮음","datagrade":"적음","useful":"없음","harmful":"없음","caution":"없음","function":"없음"}
{"_id":{"$oid":"593a2de7d8f22787e692e652"},"ingno":43,"ingname":"디프로필렌글라이콜","lisklevel":1,"liskgrade":"낮음","datagrade":"적음","useful":"없음","harmful":"없음","caution":"없음","function":"없음"}
{"_id":{"$oid":"593a2de7d8f22787e692e653"},"ingno":44,"ingname":"디헵틸석시네이트","lisklevel":1,"liskgrade":"낮음","datagrade":"없음","useful":"없음","harmful":"없음","caution":"없음","function":"없음"}
{"_id":{"$oid":"593a2de7d8f22787e692e654"},"ingno":45,"ingname":"라우레스-7","lisklevel":3,"liskgrade":"중간","datagrade":"없음","useful":"없음","harmful":"없음","caution":"주의성분","function":"없음"}
{"_id":{"$oid":"593a2de7d8f22787e692e655"},"ingno":46,"ingname":"락토바실러스/알로에베라발효여과물","lisklevel":0,"liskgrade":"없음","datagrade":"없음","useful":"없음","harmful":"없음","caution":"없음","function":"없음"}
{"_id":{"$oid":"593a2de7d8f22787e692e656"},"ingno":47,"ingname":"락토바실러스/콩발효추출물","lisklevel":1,"liskgrade":"낮음","datagrade":"없음","useful":"없음","harmful":"없음","caution":"없음","function":"없음"}
{"_id":{"$oid":"593a2de7d8f22787e692e657"},"ingno":48,"ingname":"레티닐팔미테이트","lisklevel":9,"liskgrade":"높음","datagrade":"적당함","useful":"건성","harmful":"없음","caution":"없음","function":"주름개선"}
{"_id":{"$oid":"593a2de7d8f22787e692e658"},"ingno":49,"ingname":"로즈힙열매오일","lisklevel":1,"liskgrade":"낮음","datagrade":"적음","useful":"없음","harmful":"없음","caution":"없음","function":"없음"}
{"_id":{"$oid":"593a2de7d8f22787e692e659"},"ingno":50,"ingname":"리날룰","lisklevel":5,"liskgrade":"중간","datagrade":"적당함","useful":"없음","harmful":"없음","caution":"알레르기","function":"없음"}
{"_id":{"$oid":"593a2de7d8f22787e692e65a"},"ingno":51,"ingname":"리모넨","lisklevel":6,"liskgrade":"중간","datagrade":"충분함","useful":"없음","harmful":"없음","caution":"알레르기","function":"없음"}
{"_id":{"$oid":"593a2de7d8f22787e692e65b"},"ingno":52,"ingname":"리토탐니움 칼카룸가루","lisklevel":1,"liskgrade":"낮음","datagrade":"없음","useful":"없음","harmful":"없음","caution":"없음","function":"없음"}
{"_id":{"$oid":"593a2de7d8f22787e692e65c"},"ingno":53,"ingname":"마데카소사이드","lisklevel":1,"liskgrade":"낮음","datagrade":"적음","useful":"없음","harmful":"없음","caution":"없음","function":"없음"}
{"_id":{"$oid":"593a2de7d8f22787e692e65d"},"ingno":54,"ingname":"마이카","lisklevel":2,"liskgrade":"낮음","datagrade":"적당함","useful":"없음","harmful":"없음","caution":"없음","function":"없음"}
{"_id":{"$oid":"593a2de7d8f22787e692e65e"},"ingno":55,"ingname":"마치현추출물;포츌라카올레라세아추출물","lisklevel":1,"liskgrade":"낮음","datagrade":"적음","useful":"없음","harmful":"없음","caution":"없음","function":"없음"}
{"_id":{"$oid":"593a2de7d8f22787e692e65f"},"ingno":56,"ingname":"마카다미아넛오일(1);마카다미아넛오일(2);마카다미아씨오일","lisklevel":1,"liskgrade":"낮음","datagrade":"적음","useful":"없음","harmful":"없음","caution":"없음","function":"없음"}
{"_id":{"$oid":"593a2de7d8f22787e692e660"},"ingno":57,"ingname":"망고씨드버터","lisklevel":1,"liskgrade":"낮음","datagrade":"적음","useful":"없음","harmful":"없음","caution":"없음","function":"없음"}
{"_id":{"$oid":"593a2de7d8f22787e692e661"},"ingno":58,"ingname":"메칠트리메치콘","lisklevel":1,"liskgrade":"낮음","datagrade":"없음","useful":"없음","harmful":"없음","caution":"없음","function":"없음"}
{"_id":{"$oid":"593a2de7d8f22787e692e662"},"ingno":59,"ingname":"메칠파라벤","lisklevel":4,"liskgrade":"중간","datagrade":"적음","useful":"없음","harmful":"없음","caution":"주의성분","function":"없음"}
{"_id":{"$oid":"593a2de7d8f22787e692e663"},"ingno":60,"ingname":"미네랄오일","lisklevel":"1/2/3","liskgrade":"중간","datagrade":"적당함","useful":"없음","harmful":"없음","caution":"주의성분","function":"없음"}
{"_id":{"$oid":"593a2de7d8f22787e692e664"},"ingno":61,"ingname":"미리스틱애씨드;미리스틴산","lisklevel":1,"liskgrade":"낮음","datagrade":"적당함","useful":"없음","harmful":"지성","caution":"없음","function":"없음"}
{"_id":{"$oid":"593a2de7d8f22787e692e665"},"ingno":62,"ingname":"바이오사카라이드검-1","lisklevel":1,"liskgrade":"낮음","datagrade":"없음","useful":"없음","harmful":"없음","caution":"없음","function":"없음"}
{"_id":{"$oid":"593a2de7d8f22787e692e666"},"ingno":63,"ingname":"베타-글루칸","lisklevel":1,"liskgrade":"낮음","datagrade":"적당함","useful":"없음","harmful":"없음","caution":"없음","function":"없음"}
{"_id":{"$oid":"593a2de7d8f22787e692e667"},"ingno":64,"ingname":"베헤닐알코올","lisklevel":1,"liskgrade":"낮음","datagrade":"적음","useful":"없음","harmful":"없음","caution":"없음","function":"없음"}
{"_id":{"$oid":"593a2de7d8f22787e692e668"},"ingno":65,"ingname":"베헨트리모늄클로라이드","lisklevel":3,"liskgrade":"중간","datagrade":"적음","useful":"없음","harmful":"없음","caution":"없음","function":"없음"}
{"_id":{"$oid":"593a2de7d8f22787e692e669"},"ingno":66,"ingname":"벤토나이트","lisklevel":2,"liskgrade":"낮음","datagrade":"적당함","useful":"없음","harmful":"없음","caution":"없음","function":"없음"}
{"_id":{"$oid":"593a2de7d8f22787e692e66a"},"ingno":67,"ingname":"변성알코올","lisklevel":0,"liskgrade":"없음","datagrade":"없음","useful":"없음","harmful":"건성/민감성","caution":"없음","function":"없음"}
{"_id":{"$oid":"593a2de7d8f22787e692e66b"},"ingno":68,"ingname":"병풀추출물","lisklevel":1,"liskgrade":"낮음","datagrade":"적음","useful":"없음","harmful":"없음","caution":"없음","function":"없음"}
{"_id":{"$oid":"593a2de7d8f22787e692e66c"},"ingno":69,"ingname":"부틸렌글라이콜;1,3-부틸렌글라이콜","lisklevel":1,"liskgrade":"낮음","datagrade":"적음","useful":"건성","harmful":"없음","caution":"없음","function":"없음"}
{"_id":{"$oid":"593a2de7d8f22787e692e66d"},"ingno":70,"ingname":"부틸메톡시디벤조일메탄;아보벤존;파르솔1789","lisklevel":2,"liskgrade":"낮음","datagrade":"적음","useful":"없음","harmful":"없음","caution":"주의성분","function":"자외선차단"}
{"_id":{"$oid":"593a2de7d8f22787e692e66e"},"ingno":71,"ingname":"비스-에칠헥실옥시페놀메톡시페닐트리아진","lisklevel":0,"liskgrade":"없음","datagrade":"없음","useful":"없음","harmful":"없음","caution":"없음","function":"자외선차단"}
{"_id":{"$oid":"593a2de7d8f22787e692e66f"},"ingno":72,"ingname":"비스-피이지/피피지-14/14디메치콘","lisklevel":3,"liskgrade":"중간","datagrade":"없음","useful":"없음","harmful":"없음","caution":"주의성분","function":"없음"}
{"_id":{"$oid":"593a2de7d8f22787e692e670"},"ingno":73,"ingname":"비스-피이지-18메칠에텔디메칠실란","lisklevel":3,"liskgrade":"중간","datagrade":"없음","useful":"없음","harmful":"없음","caution":"주의성분","function":"없음"}
{"_id":{"$oid":"593a2de7d8f22787e692e671"},"ingno":74,"ingname":"비에이치티;부틸하이드록시톨루엔;디부틸하이드록시톨루엔;부틸레이티드하이드록톨루엔","lisklevel":6,"liskgrade":"중간","datagrade":"적당함","useful":"없음","harmful":"없음","caution":"주의성분","function":"없음"}
{"_id":{"$oid":"593a2de7d8f22787e692e672"},"ingno":75,"ingname":"비즈왁스;세라알바","lisklevel":1,"liskgrade":"낮음","datagrade":"적음","useful":"없음","harmful":"없음","caution":"없음","function":"없음"}
{"_id":{"$oid":"593a2de7d8f22787e692e673"},"ingno":76,"ingname":"빙하수","lisklevel":0,"liskgrade":"없음","datagrade":"없음","useful":"없음","harmful":"없음","caution":"없음","function":"없음"}
{"_id":{"$oid":"593a2de7d8f22787e692e674"},"ingno":77,"ingname":"사과추출물","lisklevel":1,"liskgrade":"낮음","datagrade":"없음","useful":"없음","harmful":"없음","caution":"없음","function":"없음"}
{"_id":{"$oid":"593a2de7d8f22787e692e675"},"ingno":78,"ingname":"사발팜열매추출물","lisklevel":1,"liskgrade":"낮음","datagrade":"적음","useful":"없음","harmful":"없음","caution":"없음","function":"없음"}
{"_id":{"$oid":"593a2de7d8f22787e692e676"},"ingno":79,"ingname":"사이클로펜타실록산;데카메칠사이클로펜타실록산","lisklevel":3,"liskgrade":"중간","datagrade":"적당함","useful":"없음","harmful":"없음","caution":"없음","function":"없음"}
{"_id":{"$oid":"593a2de7d8f22787e692e677"},"ingno":80,"ingname":"사이클론펜타실록산","lisklevel":3,"liskgrade":"중간","datagrade":"적당함","useful":"없음","harmful":"없음","caution":"없음","function":"없음"}
{"_id":{"$oid":"593a2de7d8f22787e692e678"},"ingno":81,"ingname":"산양유추출물","lisklevel":0,"liskgrade":"없음","datagrade":"없음","useful":"없음","harmful":"없음","caution":"없음","function":"없음"}
{"_id":{"$oid":"593a2de7d8f22787e692e679"},"ingno":82,"ingname":"살리실릭애씨드","lisklevel":1,"liskgrade":"낮음","datagrade":"없음","useful":"없음","harmful":"없음","caution":"없음","function":"없음"}
{"_id":{"$oid":"593a2de7d8f22787e692e67a"},"ingno":83,"ingname":"상추추출물","lisklevel":1,"liskgrade":"낮음","datagrade":"적음","useful":"없음","harmful":"없음","caution":"없음","function":"없음"}
{"_id":{"$oid":"593a2de7d8f22787e692e67b"},"ingno":84,"ingname":"서양장미꽃수","lisklevel":1,"liskgrade":"낮음","datagrade":"적당함","useful":"건성","harmful":"없음","caution":"없음","function":"없음"}
{"_id":{"$oid":"593a2de7d8f22787e692e67c"},"ingno":85,"ingname":"석류추출물","lisklevel":0,"liskgrade":"없음","datagrade":"없음","useful":"없음","harmful":"없음","caution":"없음","function":"없음"}
{"_id":{"$oid":"593a2de7d8f22787e692e67d"},"ingno":86,"ingname":"세테아릴알코올","lisklevel":1,"liskgrade":"낮음","datagrade":"적음","useful":"없음","harmful":"없음","caution":"없음","function":"없음"}
{"_id":{"$oid":"593a2de7d8f22787e692e67e"},"ingno":87,"ingname":"세테아릴위트스트로글라이코사이드","lisklevel":1,"liskgrade":"낮음","datagrade":"없음","useful":"없음","harmful":"없음","caution":"없음","function":"없음"}
{"_id":{"$oid":"593a2de7d8f22787e692e67f"},"ingno":88,"ingname":"세틸알코올","lisklevel":1,"liskgrade":"낮음","datagrade":"적음","useful":"없음","harmful":"없음","caution":"없음","function":"없음"}
{"_id":{"$oid":"593a2de7d8f22787e692e680"},"ingno":89,"ingname":"세틸에스터","lisklevel":1,"liskgrade":"낮음","datagrade":"적음","useful":"없음","harmful":"없음","caution":"없음","function":"없음"}
{"_id":{"$oid":"593a2de7d8f22787e692e681"},"ingno":90,"ingname":"세틸에칠헥사노에이트","lisklevel":1,"liskgrade":"낮음","datagrade":"없음","useful":"없음","harmful":"없음","caution":"없음","function":"없음"}
{"_id":{"$oid":"593a2de7d8f22787e692e682"},"ingno":91,"ingname":"세틸피이지/피피지-10/1디메치콘","lisklevel":3,"liskgrade":"중간","datagrade":"적당함","useful":"없음","harmful":"없음","caution":"주의성분","function":"없음"}
{"_id":{"$oid":"593a2de7d8f22787e692e683"},"ingno":92,"ingname":"세틸피이지/피피지-10/1디메치콘","lisklevel":3,"liskgrade":"중간","datagrade":"적당함","useful":"없음","harmful":"없음","caution":"주의성분","function":"없음"}
{"_id":{"$oid":"593a2de7d8f22787e692e684"},"ingno":93,"ingname":"소듐라우레스설페이트;소듐라우레스황산염","lisklevel":3,"liskgrade":"중간","datagrade":"적음","useful":"없음","harmful":"없음","caution":"주의성분","function":"없음"}
{"_id":{"$oid":"593a2de7d8f22787e692e685"},"ingno":94,"ingname":"소듐코코에이트","lisklevel":1,"liskgrade":"낮음","datagrade":"적음","useful":"없음","harmful":"없음","caution":"없음","function":"없음"}
{"_id":{"$oid":"593a2de7d8f22787e692e686"},"ingno":95,"ingname":"소듐클로라이드","lisklevel":1,"liskgrade":"낮음","datagrade":"매우많음","useful":"없음","harmful":"없음","caution":"없음","function":"없음"}
{"_id":{"$oid":"593a2de7d8f22787e692e687"},"ingno":96,"ingname":"소듐탈로우에이트","lisklevel":1,"liskgrade":"낮음","datagrade":"없음","useful":"없음","harmful":"없음","caution":"없음","function":"없음"}
{"_id":{"$oid":"593a2de7d8f22787e692e688"},"ingno":97,"ingname":"소듐팜커넬레이트","lisklevel":1,"liskgrade":"낮음","datagrade":"없음","useful":"없음","harmful":"없음","caution":"없음","function":"없음"}
{"_id":{"$oid":"593a2de7d8f22787e692e689"},"ingno":98,"ingname":"소듐피씨에이","lisklevel":1,"liskgrade":"낮음","datagrade":"적음","useful":"건성","harmful":"없음","caution":"없음","function":"없음"}
{"_id":{"$oid":"593a2de7d8f22787e692e68a"},"ingno":99,"ingname":"소듐하이알루로네이트","lisklevel":1,"liskgrade":"낮음","datagrade":"적당함","useful":"건성","harmful":"없음","caution":"없음","function":"없음"}
{"_id":{"$oid":"593a2de7d8f22787e692e68b"},"ingno":100,"ingname":"소르비탄세스퀴올리에이트","lisklevel":1,"liskgrade":"낮음","datagrade":"적음","useful":"없음","harmful":"없음","caution":"없음","function":"없음"}
{"_id":{"$oid":"593a2de7d8f22787e692e68c"},"ingno":101,"ingname":"소르빅애씨드;소르빈산","lisklevel":3,"liskgrade":"중간","datagrade":"적당함","useful":"없음","harmful":"없음","caution":"없음","function":"없음"}
{"_id":{"$oid":"593a2de7d8f22787e692e68d"},"ingno":102,"ingname":"수세미오이열매추출물","lisklevel":0,"liskgrade":"없음","datagrade":"없음","useful":"없음","harmful":"없음","caution":"없음","function":"없음"}
{"_id":{"$oid":"593a2de7d8f22787e692e68e"},"ingno":103,"ingname":"쉐어버터;시어버터","lisklevel":1,"liskgrade":"낮음","datagrade":"적음","useful":"없음","harmful":"지성","caution":"없음","function":"없음"}
{"_id":{"$oid":"593a2de7d8f22787e692e68f"},"ingno":104,"ingname":"슈도알테로모나스발효추출물","lisklevel":1,"liskgrade":"낮음","datagrade":"없음","useful":"없음","harmful":"없음","caution":"없음","function":"없음"}
{"_id":{"$oid":"593a2de7d8f22787e692e690"},"ingno":105,"ingname":"스쿠알란","lisklevel":1,"liskgrade":"낮음","datagrade":"적음","useful":"없음","harmful":"없음","caution":"없음","function":"없음"}
{"_id":{"$oid":"593a2de7d8f22787e692e691"},"ingno":106,"ingname":"스테아릭애씨드","lisklevel":1,"liskgrade":"낮음","datagrade":"적당함","useful":"없음","harmful":"지성","caution":"없음","function":"없음"}
{"_id":{"$oid":"593a2de7d8f22787e692e692"},"ingno":107,"ingname":"스테아릴알코올","lisklevel":1,"liskgrade":"낮음","datagrade":"적음","useful":"없음","harmful":"없음","caution":"없음","function":"없음"}
{"_id":{"$oid":"593a2de7d8f22787e692e693"},"ingno":108,"ingname":"스피룰리나추출물","lisklevel":1,"liskgrade":"낮음","datagrade":"적음","useful":"없음","harmful":"없음","caution":"없음","function":"없음"}
{"_id":{"$oid":"593a2de7d8f22787e692e694"},"ingno":109,"ingname":"시트랄","lisklevel":7,"liskgrade":"높음","datagrade":"적당함","useful":"없음","harmful":"없음","caution":"알레르기","function":"없음"}
{"_id":{"$oid":"593a2de7d8f22787e692e695"},"ingno":110,"ingname":"실리카","lisklevel":"1/2","liskgrade":"낮음","datagrade":"충분함","useful":"없음","harmful":"없음","caution":"없음","function":"없음"}
{"_id":{"$oid":"593a2de7d8f22787e692e696"},"ingno":111,"ingname":"실크아미노산","lisklevel":1,"liskgrade":"낮음","datagrade":"없음","useful":"없음","harmful":"없음","caution":"없음","function":"없음"}
{"_id":{"$oid":"593a2de7d8f22787e692e697"},"ingno":112,"ingname":"아데노신","lisklevel":1,"liskgrade":"낮음","datagrade":"적당함","useful":"없음","harmful":"없음","caution":"없음","function":"주름개선"}
{"_id":{"$oid":"593a2de7d8f22787e692e698"},"ingno":113,"ingname":"아르간트리커넬오일","lisklevel":1,"liskgrade":"낮음","datagrade":"적음","useful":"없음","harmful":"없음","caution":"없음","function":"없음"}
{"_id":{"$oid":"593a2de7d8f22787e692e699"},"ingno":114,"ingname":"아모디메치콘","lisklevel":1,"liskgrade":"낮음","datagrade":"적음","useful":"없음","harmful":"없음","caution":"없음","function":"없음"}
{"_id":{"$oid":"593a2de7d8f22787e692e69a"},"ingno":115,"ingname":"아보카도 오일","lisklevel":1,"liskgrade":"낮음","datagrade":"적음","useful":"건성","harmful":"없음","caution":"없음","function":"없음"}
{"_id":{"$oid":"593a2de7d8f22787e692e69b"},"ingno":116,"ingname":"아소도데칸","lisklevel":1,"liskgrade":"낮음","datagrade":"적음","useful":"없음","harmful":"없음","caution":"없음","function":"없음"}
{"_id":{"$oid":"593a2de7d8f22787e692e69c"},"ingno":117,"ingname":"아스코빌글루코사이드","lisklevel":1,"liskgrade":"낮음","datagrade":"적음","useful":"없음","harmful":"없음","caution":"없음","function":"미백개선"}
{"_id":{"$oid":"593a2de7d8f22787e692e69d"},"ingno":118,"ingname":"아크릴레이트/C10-30알킬아크릴레이트크로스폴리머","lisklevel":1,"liskgrade":"낮음","datagrade":"없음","useful":"없음","harmful":"없음","caution":"없음","function":"없음"}
{"_id":{"$oid":"593a2de7d8f22787e692e69e"},"ingno":119,"ingname":"아크릴레이트코폴리머","lisklevel":2,"liskgrade":"낮음","datagrade":"없음","useful":"없음","harmful":"없음","caution":"없음","function":"없음"}
{"_id":{"$oid":"593a2de7d8f22787e692e69f"},"ingno":120,"ingname":"알란토인","lisklevel":1,"liskgrade":"낮음","datagrade":"적당함","useful":"없음","harmful":"없음","caution":"없음","function":"없음"}
{"_id":{"$oid":"593a2de7d8f22787e692e6a0"},"ingno":121,"ingname":"알로에베라잎수","lisklevel":"1/2/3","liskgrade":"중간","datagrade":"적음","useful":"민감성","harmful":"없음","caution":"없음","function":"없음"}
{"_id":{"$oid":"593a2de7d8f22787e692e6a1"},"ingno":122,"ingname":"알로에베라잎추출물","lisklevel":"1/2/3","liskgrade":"중간","datagrade":"적음","useful":"민감성","harmful":"없음","caution":"없음","function":"없음"}
{"_id":{"$oid":"593a2de7d8f22787e692e6a2"},"ingno":123,"ingname":"알진","lisklevel":1,"liskgrade":"낮음","datagrade":"적당함","useful":"없음","harmful":"없음","caution":"없음","function":"없음"}
{"_id":{"$oid":"593a2de7d8f22787e692e6a3"},"ingno":124,"ingname":"알코올;에탄올","lisklevel":2,"liskgrade":"낮음","datagrade":"적당함","useful":"없음","harmful":"건성/민감성","caution":"없음","function":"없음"}
{"_id":{"$oid":"593a2de7d8f22787e692e6a4"},"ingno":125,"ingname":"알파-비사보롤;비사볼올","lisklevel":1,"liskgrade":"낮음","datagrade":"적음","useful":"없음","harmful":"없음","caution":"없음","function":"미백개선"}
{"_id":{"$oid":"593a2de7d8f22787e692e6a5"},"ingno":126,"ingname":"암모늄라우릴설페이트","lisklevel":1,"liskgrade":"낮음","datagrade":"적음","useful":"없음","harmful":"없음","caution":"없음","function":"없음"}
{"_id":{"$oid":"593a2de7d8f22787e692e6a6"},"ingno":127,"ingname":"에칠올리에이트","lisklevel":1,"liskgrade":"낮음","datagrade":"적음","useful":"없음","harmful":"없음","caution":"없음","function":"없음"}
{"_id":{"$oid":"593a2de7d8f22787e692e6a7"},"ingno":128,"ingname":"에칠헥실메톡시신나메이트;옥티녹세이트;옥틸메톡시신나메이트","lisklevel":6,"liskgrade":"중간","datagrade":"적당함","useful":"없음","harmful":"지성/민감성","caution":"없음","function":"자외선차단"}
{"_id":{"$oid":"593a2de7d8f22787e692e6a8"},"ingno":129,"ingname":"에칠헥실살리실레이트;옥티살레이트","lisklevel":4,"liskgrade":"중간","datagrade":"적당함","useful":"없음","harmful":"없음","caution":"없음","function":"자외선차단"}
{"_id":{"$oid":"593a2de7d8f22787e692e6a9"},"ingno":130,"ingname":"연꽃씨추출물;연자육추출물","lisklevel":1,"liskgrade":"낮음","datagrade":"적음","useful":"없음","harmful":"없음","caution":"없음","function":"없음"}
{"_id":{"$oid":"593a2de7d8f22787e692e6aa"},"ingno":131,"ingname":"오미자추출물","lisklevel":1,"liskgrade":"낮음","datagrade":"적음","useful":"없음","harmful":"없음","caution":"없음","function":"없음"}
{"_id":{"$oid":"593a2de7d8f22787e692e6ab"},"ingno":132,"ingname":"오이수","lisklevel":1,"liskgrade":"낮음","datagrade":"적당함","useful":"건성","harmful":"없음","caution":"없음","function":"없음"}
{"_id":{"$oid":"593a2de7d8f22787e692e6ac"},"ingno":133,"ingname":"오이추출물","lisklevel":1,"liskgrade":"낮음","datagrade":"적당함","useful":"건성","harmful":"없음","caution":"없음","function":"없음"}
{"_id":{"$oid":"593a2de7d8f22787e692e6ad"},"ingno":134,"ingname":"옥토크릴렌","lisklevel":3,"liskgrade":"중간","datagrade":"적당함","useful":"없음","harmful":"없음","caution":"없음","function":"자외선차단"}
{"_id":{"$oid":"593a2de7d8f22787e692e6ae"},"ingno":135,"ingname":"온천수","lisklevel":0,"liskgrade":"없음","datagrade":"없음","useful":"없음","harmful":"없음","caution":"없음","function":"없음"}
{"_id":{"$oid":"593a2de7d8f22787e692e6af"},"ingno":136,"ingname":"올리브오일","lisklevel":1,"liskgrade":"낮음","datagrade":"적당함","useful":"없음","harmful":"없음","caution":"없음","function":"없음"}
{"_id":{"$oid":"593a2de7d8f22787e692e6b0"},"ingno":137,"ingname":"은행잎추출물;은행나무잎추출물","lisklevel":1,"liskgrade":"낮음","datagrade":"적당함","useful":"없음","harmful":"없음","caution":"없음","function":"없음"}
{"_id":{"$oid":"593a2de7d8f22787e692e6b1"},"ingno":138,"ingname":"이미다졸리디닐우레아","lisklevel":6,"liskgrade":"중간","datagrade":"적음","useful":"없음","harmful":"없음","caution":"주의성분","function":"없음"}
{"_id":{"$oid":"593a2de7d8f22787e692e6b2"},"ingno":139,"ingname":"이소도데칸","lisklevel":1,"liskgrade":"낮음","datagrade":"적음","useful":"없음","harmful":"없음","caution":"없음","function":"없음"}
{"_id":{"$oid":"593a2de7d8f22787e692e6b3"},"ingno":140,"ingname":"이소세틸스테아레이트","lisklevel":1,"liskgrade":"낮음","datagrade":"없음","useful":"없음","harmful":"없음","caution":"없음","function":"없음"}
{"_id":{"$oid":"593a2de7d8f22787e692e6b4"},"ingno":141,"ingname":"이소스테아릭애씨드","lisklevel":1,"liskgrade":"낮음","datagrade":"적음","useful":"없음","harmful":"없음","caution":"없음","function":"없음"}
{"_id":{"$oid":"593a2de7d8f22787e692e6b5"},"ingno":142,"ingname":"이소아밀p-메톡시신나메이트","lisklevel":1,"liskgrade":"낮음","datagrade":"적음","useful":"없음","harmful":"없음","caution":"없음","function":"자외선차단"}
{"_id":{"$oid":"593a2de7d8f22787e692e6b6"},"ingno":143,"ingname":"이소트데실이소노나노에이트","lisklevel":1,"liskgrade":"낮음","datagrade":"없음","useful":"없음","harmful":"없음","caution":"없음","function":"없음"}
{"_id":{"$oid":"593a2de7d8f22787e692e6b7"},"ingno":144,"ingname":"이소프로필미리스테이트","lisklevel":1,"liskgrade":"낮음","datagrade":"적당함","useful":"없음","harmful":"없음","caution":"없음","function":"없음"}
{"_id":{"$oid":"593a2de7d8f22787e692e6b8"},"ingno":145,"ingname":"이소프로필알코올","lisklevel":2,"liskgrade":"낮음","datagrade":"적당함","useful":"없음","harmful":"없음","caution":"주의성분","function":"없음"}
{"_id":{"$oid":"593a2de7d8f22787e692e6b9"},"ingno":146,"ingname":"이소프로필팔미테이트","lisklevel":1,"liskgrade":"낮음","datagrade":"적당함","useful":"없음","harmful":"없음","caution":"없음","function":"없음"}
{"_id":{"$oid":"593a2de7d8f22787e692e6ba"},"ingno":147,"ingname":"이소헥사데칸","lisklevel":1,"liskgrade":"낮음","datagrade":"적음","useful":"없음","harmful":"없음","caution":"없음","function":"없음"}
{"_id":{"$oid":"593a2de7d8f22787e692e6bb"},"ingno":148,"ingname":"잇꽃씨오일","lisklevel":1,"liskgrade":"낮음","datagrade":"적당함","useful":"없음","harmful":"없음","caution":"없음","function":"없음"}
{"_id":{"$oid":"593a2de7d8f22787e692e6bc"},"ingno":149,"ingname":"자몽추출물","lisklevel":2,"liskgrade":"낮음","datagrade":"적음","useful":"없음","harmful":"없음","caution":"없음","function":"없음"}
{"_id":{"$oid":"593a2de7d8f22787e692e6bd"},"ingno":150,"ingname":"자일리톨","lisklevel":1,"liskgrade":"낮음","datagrade":"적당함","useful":"없음","harmful":"없음","caution":"없음","function":"없음"}
{"_id":{"$oid":"593a2de7d8f22787e692e6be"},"ingno":151,"ingname":"자작나무수액","lisklevel":1,"liskgrade":"낮음","datagrade":"없음","useful":"없음","harmful":"없음","caution":"없음","function":"없음"}
{"_id":{"$oid":"593a2de7d8f22787e692e6bf"},"ingno":152,"ingname":"적색227호","lisklevel":2,"liskgrade":"낮음","datagrade":"적음","useful":"없음","harmful":"없음","caution":"주의성분","function":"없음"}
{"_id":{"$oid":"593a2de7d8f22787e692e6c0"},"ingno":153,"ingname":"제라늄오일","lisklevel":1,"liskgrade":"낮음","datagrade":"적음","useful":"없음","harmful":"민감성","caution":"없음","function":"없음"}
{"_id":{"$oid":"593a2de7d8f22787e692e6c1"},"ingno":154,"ingname":"제라니올","lisklevel":7,"liskgrade":"높음","datagrade":"적당함","useful":"없음","harmful":"없음","caution":"알레르기","function":"없음"}
{"_id":{"$oid":"593a2de7d8f22787e692e6c2"},"ingno":155,"ingname":"지모추출물","lisklevel":1,"liskgrade":"낮음","datagrade":"적음","useful":"없음","harmful":"없음","caution":"없음","function":"없음"}
{"_id":{"$oid":"593a2de7d8f22787e692e6c3"},"ingno":156,"ingname":"참깨오일","lisklevel":1,"liskgrade":"낮음","datagrade":"적당함","useful":"없음","harmful":"없음","caution":"없음","function":"없음"}
{"_id":{"$oid":"593a2de7d8f22787e692e6c4"},"ingno":157,"ingname":"초피나무열매추출물","lisklevel":1,"liskgrade":"낮음","datagrade":"없음","useful":"없음","harmful":"없음","caution":"없음","function":"없음"}
{"_id":{"$oid":"593a2de7d8f22787e692e6c5"},"ingno":158,"ingname":"침향추출물","lisklevel":1,"liskgrade":"낮음","datagrade":"없음","useful":"없음","harmful":"없음","caution":"없음","function":"없음"}
{"_id":{"$oid":"593a2de7d8f22787e692e6c6"},"ingno":159,"ingname":"카보머;카복시비닐폴리머","lisklevel":1,"liskgrade":"낮음","datagrade":"적당함","useful":"없음","harmful":"없음","caution":"없음","function":"없음"}
{"_id":{"$oid":"593a2de7d8f22787e692e6c7"},"ingno":160,"ingname":"카올린;고령토","lisklevel":1,"liskgrade":"낮음","datagrade":"적당함","useful":"없음","harmful":"없음","caution":"없음","function":"없음"}
{"_id":{"$oid":"593a2de7d8f22787e692e6c8"},"ingno":161,"ingname":"카카오씨드버터","lisklevel":1,"liskgrade":"낮음","datagrade":"적음","useful":"없음","harmful":"없음","caution":"없음","function":"없음"}
{"_id":{"$oid":"593a2de7d8f22787e692e6c9"},"ingno":162,"ingname":"카프릴릭/카프릭트리글리세라이드","lisklevel":1,"liskgrade":"낮음","datagrade":"적음","useful":"없음","harmful":"없음","caution":"없음","function":"없음"}
{"_id":{"$oid":"593a2de7d8f22787e692e6ca"},"ingno":163,"ingname":"카프릴릴/카프릴글루코사이드","lisklevel":1,"liskgrade":"낮음","datagrade":"없음","useful":"없음","harmful":"없음","caution":"없음","function":"없음"}
{"_id":{"$oid":"593a2de7d8f22787e692e6cb"},"ingno":164,"ingname":"카프릴릴글라이콜","lisklevel":1,"liskgrade":"낮음","datagrade":"적음","useful":"없음","harmful":"없음","caution":"없음","function":"없음"}
{"_id":{"$oid":"593a2de7d8f22787e692e6cc"},"ingno":165,"ingname":"캐모마일꽃수","lisklevel":1,"liskgrade":"낮음","datagrade":"없음","useful":"건성/민감성","harmful":"없음","caution":"없음","function":"없음"}
{"_id":{"$oid":"593a2de7d8f22787e692e6cd"},"ingno":166,"ingname":"캐모마일꽃추출물;마트리카리아꽃추출물","lisklevel":1,"liskgrade":"낮음","datagrade":"적음","useful":"건성/민감성","harmful":"없음","caution":"없음","function":"없음"}
{"_id":{"$oid":"593a2de7d8f22787e692e6ce"},"ingno":167,"ingname":"코카마이드디이에이","lisklevel":7,"liskgrade":"높음","datagrade":"적음","useful":"없음","harmful":"없음","caution":"없음","function":"없음"}
{"_id":{"$oid":"593a2de7d8f22787e692e6cf"},"ingno":168,"ingname":"코카미도프로필베타인","lisklevel":4,"liskgrade":"중간","datagrade":"충분함","useful":"없음","harmful":"없음","caution":"없음","function":"없음"}
{"_id":{"$oid":"593a2de7d8f22787e692e6d0"},"ingno":169,"ingname":"코코넛오일","lisklevel":1,"liskgrade":"낮음","datagrade":"적당함","useful":"없음","harmful":"지성","caution":"없음","function":"없음"}
{"_id":{"$oid":"593a2de7d8f22787e692e6d1"},"ingno":170,"ingname":"코코-카프릴레이트/카프레이트","lisklevel":1,"liskgrade":"낮음","datagrade":"없음","useful":"없음","harmful":"없음","caution":"없음","function":"없음"}
{"_id":{"$oid":"593a2de7d8f22787e692e6d2"},"ingno":171,"ingname":"쿼터늄-15","lisklevel":8,"liskgrade":"높음","datagrade":"적당함","useful":"없음","harmful":"없음","caution":"없음","function":"없음"}
{"_id":{"$oid":"593a2de7d8f22787e692e6d3"},"ingno":172,"ingname":"탄산수","lisklevel":0,"liskgrade":"없음","datagrade":"없음","useful":"없음","harmful":"없음","caution":"없음","function":"없음"}
{"_id":{"$oid":"593a2de7d8f22787e692e6d4"},"ingno":173,"ingname":"탤크;탈크","lisklevel":3,"liskgrade":"중간","datagrade":"적당함","useful":"없음","harmful":"없음","caution":"없음","function":"없음"}
{"_id":{"$oid":"593a2de7d8f22787e692e6d5"},"ingno":174,"ingname":"토코페롤;비타민E","lisklevel":1,"liskgrade":"낮음","datagrade":"적당함","useful":"건성","harmful":"없음","caution":"없음","function":"없음"}
{"_id":{"$oid":"593a2de7d8f22787e692e6d6"},"ingno":175,"ingname":"토코페릴아세테이트","lisklevel":3,"liskgrade":"중간","datagrade":"적당함","useful":"없음","harmful":"없음","caution":"없음","function":"없음"}
{"_id":{"$oid":"593a2de7d8f22787e692e6d7"},"ingno":176,"ingname":"트레할로스","lisklevel":1,"liskgrade":"낮음","datagrade":"적당함","useful":"없음","harmful":"없음","caution":"없음","function":"없음"}
{"_id":{"$oid":"593a2de7d8f22787e692e6d8"},"ingno":177,"ingname":"트리메칠실록시실리케이트","lisklevel":1,"liskgrade":"낮음","datagrade":"적음","useful":"없음","harmful":"없음","caution":"없음","function":"없음"}
{"_id":{"$oid":"593a2de7d8f22787e692e6d9"},"ingno":178,"ingname":"트리에칠헥사노인;트리옥타노인","lisklevel":1,"liskgrade":"낮음","datagrade":"없음","useful":"없음","harmful":"없음","caution":"없음","function":"없음"}
{"_id":{"$oid":"593a2de7d8f22787e692e6da"},"ingno":179,"ingname":"트리에탄올아민","lisklevel":5,"liskgrade":"중간","datagrade":"적당함","useful":"없음","harmful":"없음","caution":"주의성분","function":"없음"}
{"_id":{"$oid":"593a2de7d8f22787e692e6db"},"ingno":180,"ingname":"트리옥틸도데실시트레이트","lisklevel":1,"liskgrade":"낮음","datagrade":"없음","useful":"없음","harmful":"없음","caution":"없음","function":"없음"}
{"_id":{"$oid":"593a2de7d8f22787e692e6dc"},"ingno":181,"ingname":"트리클로산","lisklevel":7,"liskgrade":"높음","datagrade":"적당함","useful":"없음","harmful":"없음","caution":"주의성분","function":"없음"}
{"_id":{"$oid":"593a2de7d8f22787e692e6dd"},"ingno":182,"ingname":"티타늄디옥사이드","lisklevel":"1/2/3","liskgrade":"중간","datagrade":"충분함","useful":"지성/민감성","harmful":"없음","caution":"없음","function":"자외선차단"}
{"_id":{"$oid":"593a2de7d8f22787e692e6de"},"ingno":183,"ingname":"티트리추출물","lisklevel":1,"liskgrade":"낮음","datagrade":"적음","useful":"지성","harmful":"없음","caution":"없음","function":"없음"}
{"_id":{"$oid":"593a2de7d8f22787e692e6df"},"ingno":184,"ingname":"판테놀;디판테놀;덱스판테놀","lisklevel":1,"liskgrade":"낮음","datagrade":"적음","useful":"건성","harmful":"없음","caution":"없음","function":"없음"}
{"_id":{"$oid":"593a2de7d8f22787e692e6e0"},"ingno":185,"ingname":"페녹시에탄올","lisklevel":4,"liskgrade":"중간","datagrade":"적음","useful":"없음","harmful":"없음","caution":"주의성분","function":"없음"}
{"_id":{"$oid":"593a2de7d8f22787e692e6e1"},"ingno":186,"ingname":"페닐트리메치콘","lisklevel":1,"liskgrade":"낮음","datagrade":"적음","useful":"없음","harmful":"없음","caution":"없음","function":"없음"}
{"_id":{"$oid":"593a2de7d8f22787e692e6e2"},"ingno":187,"ingname":"페트롤라툼;바세리니페트롤라튬","lisklevel":4,"liskgrade":"중간","datagrade":"적당함","useful":"없음","harmful":"지성","caution":"없음","function":"없음"}
{"_id":{"$oid":"593a2de7d8f22787e692e6e3"},"ingno":188,"ingname":"펜타에리스리틸테트라이소스테아레이트","lisklevel":1,"liskgrade":"낮음","datagrade":"없음","useful":"없음","harmful":"없음","caution":"없음","function":"없음"}
{"_id":{"$oid":"593a2de7d8f22787e692e6e4"},"ingno":189,"ingname":"펜틸렌글라이콜","lisklevel":1,"liskgrade":"낮음","datagrade":"적음","useful":"없음","harmful":"없음","caution":"없음","function":"없음"}
{"_id":{"$oid":"593a2de7d8f22787e692e6e5"},"ingno":190,"ingname":"편백수","lisklevel":1,"liskgrade":"낮음","datagrade":"없음","useful":"없음","harmful":"없음","caution":"없음","function":"없음"}
{"_id":{"$oid":"593a2de7d8f22787e692e6e6"},"ingno":191,"ingname":"폴리글루타믹애씨드;폴리감마글루탐산","lisklevel":1,"liskgrade":"낮음","datagrade":"적당함","useful":"없음","harmful":"없음","caution":"없음","function":"없음"}
{"_id":{"$oid":"593a2de7d8f22787e692e6e7"},"ingno":192,"ingname":"폴리글리세릴-4카프레이트","lisklevel":1,"liskgrade":"낮음","datagrade":"없음","useful":"없음","harmful":"없음","caution":"없음","function":"없음"}
{"_id":{"$oid":"593a2de7d8f22787e692e6e8"},"ingno":193,"ingname":"폴리소르베이트20","lisklevel":3,"liskgrade":"중간","datagrade":"적당함","useful":"없음","harmful":"없음","caution":"없음","function":"없음"}
{"_id":{"$oid":"593a2de7d8f22787e692e6e9"},"ingno":194,"ingname":"폴리실리콘-11","lisklevel":1,"liskgrade":"낮음","datagrade":"없음","useful":"없음","harmful":"없음","caution":"없음","function":"없음"}
{"_id":{"$oid":"593a2de7d8f22787e692e6ea"},"ingno":195,"ingname":"폴리에칠렌","lisklevel":1,"liskgrade":"낮음","datagrade":"없음","useful":"없음","harmful":"없음","caution":"없음","function":"없음"}
{"_id":{"$oid":"593a2de7d8f22787e692e6eb"},"ingno":196,"ingname":"프로판디올","lisklevel":1,"liskgrade":"낮음","datagrade":"적당함","useful":"없음","harmful":"없음","caution":"없음","function":"없음"}
{"_id":{"$oid":"593a2de7d8f22787e692e6ec"},"ingno":197,"ingname":"프로필렌글라이콜","lisklevel":3,"liskgrade":"중간","datagrade":"적당함","useful":"건성","harmful":"없음","caution":"없음","function":"없음"}
{"_id":{"$oid":"593a2de7d8f22787e692e6ed"},"ingno":198,"ingname":"프로필렌카보네이트","lisklevel":1,"liskgrade":"낮음","datagrade":"적음","useful":"없음","harmful":"없음","caution":"없음","function":"없음"}
{"_id":{"$oid":"593a2de7d8f22787e692e6ee"},"ingno":199,"ingname":"프로필파라벤","lisklevel":7,"liskgrade":"높음","datagrade":"적당함","useful":"없음","harmful":"없음","caution":"주의성분","function":"없음"}
{"_id":{"$oid":"593a2de7d8f22787e692e6ef"},"ingno":200,"ingname":"프룩탄","lisklevel":1,"liskgrade":"낮음","datagrade":"적음","useful":"없음","harmful":"없음","caution":"없음","function":"없음"}
{"_id":{"$oid":"593a2de7d8f22787e692e6f0"},"ingno":201,"ingname":"플라센타단백질","lisklevel":5,"liskgrade":"중간","datagrade":"적음","useful":"없음","harmful":"없음","caution":"없음","function":"없음"}
{"_id":{"$oid":"593a2de7d8f22787e692e6f1"},"ingno":202,"ingname":"피마자오일;캐스터오일","lisklevel":2,"liskgrade":"낮음","datagrade":"적당함","useful":"없음","harmful":"없음","caution":"없음","function":"없음"}
{"_id":{"$oid":"593a2de7d8f22787e692e6f2"},"ingno":203,"ingname":"피이지/피피자-20/15디메치콘","lisklevel":3,"liskgrade":"중간","datagrade":"없음","useful":"없음","harmful":"없음","caution":"주의성분","function":"없음"}
{"_id":{"$oid":"593a2de7d8f22787e692e6f3"},"ingno":204,"ingname":"피이지/피피지-17/6코폴리머","lisklevel":3,"liskgrade":"중간","datagrade":"없음","useful":"없음","harmful":"없음","caution":"주의성분","function":"없음"}
{"_id":{"$oid":"593a2de7d8f22787e692e6f4"},"ingno":205,"ingname":"피이지-100스테아레이트","lisklevel":3,"liskgrade":"중간","datagrade":"적음","useful":"없음","harmful":"없음","caution":"주의성분","function":"없음"}
{"_id":{"$oid":"593a2de7d8f22787e692e6f5"},"ingno":206,"ingname":"피이지-10디메치콘","lisklevel":3,"liskgrade":"중간","datagrade":"적음","useful":"없음","harmful":"없음","caution":"주의성분","function":"없음"}
{"_id":{"$oid":"593a2de7d8f22787e692e6f6"},"ingno":207,"ingname":"피이지-10디메치콘/비닐디메치콘크로스폴리머","lisklevel":3,"liskgrade":"중간","datagrade":"적음","useful":"없음","harmful":"없음","caution":"주의성분","function":"없음"}
{"_id":{"$oid":"593a2de7d8f22787e692e6f7"},"ingno":208,"ingname":"피이지-120메칠글루코오스디올리에이트","lisklevel":3,"liskgrade":"중간","datagrade":"없음","useful":"없음","harmful":"없음","caution":"주의성분","function":"없음"}
{"_id":{"$oid":"593a2de7d8f22787e692e6f8"},"ingno":209,"ingname":"피이지-150디스테아레이트","lisklevel":3,"liskgrade":"중간","datagrade":"없음","useful":"없음","harmful":"없음","caution":"주의성분","function":"없음"}
{"_id":{"$oid":"593a2de7d8f22787e692e6f9"},"ingno":210,"ingname":"피이지-150펜타에리스리틸테트라스테아레이트","lisklevel":3,"liskgrade":"중간","datagrade":"없음","useful":"없음","harmful":"없음","caution":"주의성분","function":"없음"}
{"_id":{"$oid":"593a2de7d8f22787e692e6fa"},"ingno":211,"ingname":"피이지-20","lisklevel":3,"liskgrade":"중간","datagrade":"적음","useful":"없음","harmful":"없음","caution":"주의성분","function":"없음"}
{"_id":{"$oid":"593a2de7d8f22787e692e6fb"},"ingno":212,"ingname":"피이지-20스테아레이트","lisklevel":3,"liskgrade":"중간","datagrade":"적음","useful":"없음","harmful":"없음","caution":"주의성분","function":"없음"}
{"_id":{"$oid":"593a2de7d8f22787e692e6fc"},"ingno":213,"ingname":"피이지-240/에이치디아이코폴리머비스-데실테트라데세스-20에텔","lisklevel":"4/5/6","liskgrade":"중간","datagrade":"없음","useful":"없음","harmful":"없음","caution":"주의성분","function":"없음"}
{"_id":{"$oid":"593a2de7d8f22787e692e6fd"},"ingno":214,"ingname":"피이지-32","lisklevel":3,"liskgrade":"중간","datagrade":"적음","useful":"없음","harmful":"없음","caution":"주의성분","function":"없음"}
{"_id":{"$oid":"593a2de7d8f22787e692e6fe"},"ingno":215,"ingname":"피이지-40하이드로제네이티드캐스터오일","lisklevel":3,"liskgrade":"중간","datagrade":"적음","useful":"없음","harmful":"없음","caution":"주의성분","function":"없음"}
{"_id":{"$oid":"593a2de7d8f22787e692e6ff"},"ingno":216,"ingname":"피이지-60하이드로제네이티드캐스터오일","lisklevel":3,"liskgrade":"중간","datagrade":"적음","useful":"없음","harmful":"없음","caution":"주의성분","function":"없음"}
{"_id":{"$oid":"593a2de7d8f22787e692e700"},"ingno":217,"ingname":"피이지-8","lisklevel":3,"liskgrade":"중간","datagrade":"적음","useful":"없음","harmful":"없음","caution":"주의성분","function":"없음"}
{"_id":{"$oid":"593a2de7d8f22787e692e701"},"ingno":218,"ingname":"피이지-8글리세릴이소스테아레이트","lisklevel":3,"liskgrade":"중간","datagrade":"없음","useful":"없음","harmful":"없음","caution":"주의성분","function":"없음"}
{"_id":{"$oid":"593a2de7d8f22787e692e702"},"ingno":219,"ingname":"피이지-8스테아레이트","lisklevel":3,"liskgrade":"중간","datagrade":"없음","useful":"없음","harmful":"없음","caution":"주의성분","function":"없음"}
{"_id":{"$oid":"593a2de7d8f22787e692e703"},"ingno":220,"ingname":"피이지-9폴리디메칠실록시에칠디메치콘","lisklevel":3,"liskgrade":"중간","datagrade":"없음","useful":"없음","harmful":"없음","caution":"주의성분","function":"없음"}
{"_id":{"$oid":"593a2de7d8f22787e692e704"},"ingno":221,"ingname":"피토스테릴/이소스테아릴/세틸/스테아릴/베헤닐다이머디놀리에이트","lisklevel":1,"liskgrade":"낮음","datagrade":"없음","useful":"없음","harmful":"없음","caution":"없음","function":"없음"}
{"_id":{"$oid":"593a2de7d8f22787e692e705"},"ingno":222,"ingname":"하이드로제네이티드레시틴","lisklevel":1,"liskgrade":"낮음","datagrade":"적음","useful":"없음","harmful":"없음","caution":"없음","function":"없음"}
{"_id":{"$oid":"593a2de7d8f22787e692e706"},"ingno":223,"ingname":"하이드로제네이티드식물성오일","lisklevel":1,"liskgrade":"낮음","datagrade":"적음","useful":"없음","harmful":"없음","caution":"없음","function":"없음"}
{"_id":{"$oid":"593a2de7d8f22787e692e707"},"ingno":224,"ingname":"하이드로제네이티드폴리데센","lisklevel":2,"liskgrade":"낮음","datagrade":"없음","useful":"없음","harmful":"없음","caution":"없음","function":"없음"}
{"_id":{"$oid":"593a2de7d8f22787e692e708"},"ingno":225,"ingname":"하이드로제네이티드폴리이소부텐","lisklevel":1,"liskgrade":"낮음","datagrade":"적음","useful":"없음","harmful":"없음","caution":"없음","function":"없음"}
{"_id":{"$oid":"593a2de7d8f22787e692e709"},"ingno":226,"ingname":"하이드록시에칠우레아","lisklevel":1,"liskgrade":"낮음","datagrade":"적음","useful":"없음","harmful":"없음","caution":"없음","function":"없음"}
{"_id":{"$oid":"593a2de7d8f22787e692e70a"},"ingno":227,"ingname":"하이드롤라이즈드콜라겐","lisklevel":1,"liskgrade":"낮음","datagrade":"적음","useful":"없음","harmful":"없음","caution":"없음","function":"없음"}
{"_id":{"$oid":"593a2de7d8f22787e692e70b"},"ingno":228,"ingname":"하이드롤라이즈드하이알루로닉애씨드","lisklevel":1,"liskgrade":"낮음","datagrade":"없음","useful":"없음","harmful":"없음","caution":"없음","function":"없음"}
{"_id":{"$oid":"593a2de7d8f22787e692e70c"},"ingno":229,"ingname":"하이알루로닉애씨드;히아루론산","lisklevel":1,"liskgrade":"낮음","datagrade":"적당함","useful":"없음","harmful":"없음","caution":"없음","function":"없음"}
{"_id":{"$oid":"593a2de7d8f22787e692e70d"},"ingno":230,"ingname":"합성왁스","lisklevel":1,"liskgrade":"낮음","datagrade":"적당함","useful":"없음","harmful":"없음","caution":"없음","function":"없음"}
{"_id":{"$oid":"593a2de7d8f22787e692e70e"},"ingno":231,"ingname":"합성플루오르플로고파이트","lisklevel":1,"liskgrade":"낮음","datagrade":"적음","useful":"없음","harmful":"없음","caution":"없음","function":"없음"}
{"_id":{"$oid":"593a2de7d8f22787e692e70f"},"ingno":232,"ingname":"해바라기씨오일","lisklevel":0,"liskgrade":"없음","datagrade":"없음","useful":"없음","harmful":"없음","caution":"없음","function":"없음"}
{"_id":{"$oid":"593a2de7d8f22787e692e710"},"ingno":233,"ingname":"행인오일;살구씨오일","lisklevel":1,"liskgrade":"낮음","datagrade":"적음","useful":"없음","harmful":"없음","caution":"없음","function":"없음"}
{"_id":{"$oid":"593a2de7d8f22787e692e711"},"ingno":234,"ingname":"향료","lisklevel":8,"liskgrade":"높음","datagrade":"적당함","useful":"없음","harmful":"없음","caution":"주의성분","function":"없음"}
{"_id":{"$oid":"593a2de7d8f22787e692e712"},"ingno":235,"ingname":"헥실라우레이트","lisklevel":1,"liskgrade":"낮음","datagrade":"적음","useful":"없음","harmful":"없음","caution":"없음","function":"없음"}
{"_id":{"$oid":"593a2de7d8f22787e692e713"},"ingno":236,"ingname":"호호바씨오일","lisklevel":1,"liskgrade":"낮음","datagrade":"적음","useful":"없음","harmful":"없음","caution":"없음","function":"없음"}
{"_id":{"$oid":"593a2de7d8f22787e692e714"},"ingno":237,"ingname":"황색4호","lisklevel":3,"liskgrade":"중간","datagrade":"적음","useful":"없음","harmful":"없음","caution":"주의성분","function":"없음"}
{"_id":{"$oid":"593a2de7d8f22787e692e715"},"ingno":238,"ingname":"황색5호","lisklevel":3,"liskgrade":"중간","datagrade":"적음","useful":"없음","harmful":"없음","caution":"없음","function":"없음"}
{"_id":{"$oid":"593a2de7d8f22787e692e716"},"ingno":239,"ingname":"효모/겨우살이발효추출물","lisklevel":0,"liskgrade":"없음","datagrade":"없음","useful":"없음","harmful":"없음","caution":"없음","function":"없음"}
{"_id":{"$oid":"593a2de7d8f22787e692e717"},"ingno":240,"ingname":"효모/모근발효추출물","lisklevel":0,"liskgrade":"없음","datagrade":"없음","useful":"없음","harmful":"없음","caution":"없음","function":"없음"}
